,0,1,2,3,4,5,6,7,8,9,10,11,12,13,14,15,16,17,18,19,20,21,22,23,24,25,26,27,28,29,30,31,32,33,34,35,36,37,38,39,40,41,42,43,44,45,46,47,48,49,50,51,52,53,54,55,56,57,58,59,60,61,62,63,64,65,66,67,68,69,70,71,72,73,74,75,76,77,78,79,80,81,82,83,84,85,86,87,88,89,90,91,92,93,94,95,96,97,98,99,100,101,102,103,104,105,106,107,108,109,110,111,112,113,114,115,116,117,118,119,120,121,122,123,124,125,126,127,128,129,130,131,132,133,134,135,136,137,138,139,140,141,142,143,144,145,146,147,148,149,150,151,152,153,154,155,156,157,158,159,160,161,162,163,164,165,166,167,168,169,170,171,172,173,174,175,176,177,178,179,180,181,182,183,184,185,186,187,188,189,190,191,192,193,194,195,196,197,198,199,200,201,202,203,204,205,206,207,208,209,210,211,212,213,214,215,216,217,218,219,220,221,222,223,224,225,226,227,228,229,230,231,232,233,234,235,236,237,238,239,240,241,242,243,244,245,246,247,248,249,250,251,252
Unnamed: 0,0,1,2,3,4,5,6,7,8,9,10,11,12,13,14,15,16,17,18,19,20,21,22,23,24,25,26,27,28,29,30,31,32,33,34,35,36,37,38,39,40,41,42,43,44,45,46,47,48,49,50,51,52,53,54,55,56,57,58,59,60,61,62,63,64,65,66,67,68,69,70,71,72,73,74,75,76,77,78,79,80,81,82,83,84,85,86,87,88,89,90,91,92,93,94,95,96,97,98,99,100,101,102,103,104,105,106,107,108,109,110,111,112,113,114,115,116,117,118,119,120,121,122,123,124,125,126,127,128,129,130,131,132,133,134,135,136,137,138,139,140,141,142,143,144,145,146,147,148,149,150,151,152,153,154,155,156,157,158,159,160,161,162,163,164,165,166,167,168,169,170,171,172,173,174,175,176,177,178,179,180,181,182,183,184,185,186,187,188,189,190,191,192,193,194,195,196,197,198,199,200,201,202,203,204,205,206,207,208,209,210,211,212,213,214,215,216,217,218,219,220,221,222,223,224,225,226,227,228,229,230,231,232,233,234,235,236,237,238,239,240,241,242,243,244,245,246,247,248,249,250,251,252
Country,Afghanistan,Albania,Algeria,Andorra,Argentina,Armenia,Australia,Austria,Azerbaijan,Bahrain,Bangladesh,Belarus,Belgium,Bolivia,Herzegovina,Brazil,Brunei,Bulgaria,Faso,Cambodia,Cameroon,Canada,Chile,China,Colombia,Rica,Ivoire,Croatia,Cuba,Cyprus,Czechia,Denmark,Princess,Djibouti,Republic,Ecuador,Egypt,Salvador,Estonia,Finland,France,Gabon,Georgia,Germany,Ghana,Gibraltar,Greece,Guatemala,Guinea,Honduras,Hungary,Iceland,India,Indonesia,Iran,Iraq,Ireland,Israel,Italy,Japan,Jordan,Kazakhstan,Kenya,South,Kosovo,Kuwait,Kyrgyzstan,Latvia,Lebanon,Lithuania,Luxembourg,Madagascar,Malaysia,Mali,Malta,Mauritius,Mexico,Moldova,Montenegro,Morocco,Netherlands,Zealand,Niger,Nigeria,Macedonia,Oman,Pakistan,Panama,Paraguay,Peru,Philippines,Poland,Portugal,Qatar,Romania,Russia,Rwanda,Marino,Arabia,Senegal,Serbia,Singapore,Slovakia,Slovenia,Somalia,Africa,Spain,Lanka,Sudan,Sweden,Switzerland,Tanzania,Thailand,Tobago,Tunisia,Turkey,US,Ukraine,Emirates,Kingdom,Uruguay,Uzbekistan,Venezuela,Vietnam,Gaza,World,Zambia,Albania,Algeria,Andorra,Argentina,Armenia,Australia,Austria,Azerbaijan,Bahrain,Bangladesh,Belarus,Belgium,Bolivia,Herzegovina,Brazil,Brunei,Bulgaria,Faso,Cambodia,Cameroon,Canada,Chile,China,Colombia,Rica,Ivoire,Croatia,Cuba,Cyprus,Czechia,Denmark,Princess,Djibouti,Republic,Ecuador,Egypt,Salvador,Estonia,Finland,France,Gabon,Georgia,Germany,Ghana,Gibraltar,Greece,Guatemala,Guinea,Honduras,Hungary,Iceland,India,Indonesia,Iran,Iraq,Ireland,Israel,Italy,Japan,Jordan,Kazakhstan,Kenya,South,Kosovo,Kuwait,Kyrgyzstan,Latvia,Lebanon,Lithuania,Luxembourg,Madagascar,Malaysia,Mali,Malta,Mauritius,Mexico,Moldova,Montenegro,Morocco,Netherlands,Zealand,Niger,Nigeria,Macedonia,Oman,Pakistan,Panama,Paraguay,Peru,Philippines,Poland,Portugal,Qatar,Romania,Russia,Rwanda,Marino,Arabia,Senegal,Serbia,Singapore,Slovakia,Slovenia,Somalia,Africa,Spain,Lanka,Sudan,Sweden,Switzerland,Tanzania,Thailand,Tobago,Tunisia,Turkey,US,Ukraine,Emirates,Kingdom,Uruguay,Uzbekistan,Venezuela,Vietnam,Gaza,World,Zambia
2020-01-29,,,,,,,,,,,,,,,,,,,,,,,,101.0,,,,,,,,,,,,,,,,,,,,,,,,,,,,,,,,,,,,,,,,,,,,,,,,,,,,,,,,,,,,,,,,,,,,,,,,,,,,,,,,,,,,,,,,,,,,,,,,,,,,,,107.0,,,,,,,,,,,,,,,,,,,,,,,,101.0,,,,,,,,,,,,,,,,,,,,,,,,,,,,,,,,,,,,,,,,,,,,,,,,,,,,,,,,,,,,,,,,,,,,,,,,,,,,,,,,,,,,,,,,,,,,,,,,,,,,,,107.0,
2020-01-30,,,,,,,,,,,,,,,,,,,,,,,,120.0,,,,,,,,,,,,,,,,,,,,,,,,,,,,,,,,,,,,,,,,,,,,,,,,,,,,,,,,,,,,,,,,,,,,,,,,,,,,,,,,,,,,,,,,,,,,,,,,,,,,,,126.0,,,,,,,,,,,,,,,,,,,,,,,,120.0,,,,,,,,,,,,,,,,,,,,,,,,,,,,,,,,,,,,,,,,,,,,,,,,,,,,,,,,,,,,,,,,,,,,,,,,,,,,,,,,,,,,,,,,,,,,,,,,,,,,,,126.0,
2020-01-31,,,,,,,,,,,,,,,,,,,,,,,,135.0,,,,,,,,,,,,,,,,,,,,,,,,,,,,,,,,,,,,,,,,,,,,,,,,,,,,,,,,,,,,,,,,,,,,,,,,,,,,,,,,,,,,,,,,,,,,,,,,,,,,,,143.0,,,,,,,,,,,,,,,,,,,,,,,,135.0,,,,,,,,,,,,,,,,,,,,,,,,,,,,,,,,,,,,,,,,,,,,,,,,,,,,,,,,,,,,,,,,,,,,,,,,,,,,,,,,,,,,,,,,,,,,,,,,,,,,,,143.0,
2020-02-01,,,,,,,,,,,,,,,,,,,,,,,,214.0,,,,,,,,,,,,,,,,,,,,,,,,,,,,,,,,,,,,,,,,,,,,,,,,,,,,,,,,,,,,,,,,,,,,,,,,,,,,,,,,,,,,,,,,,,,,,,,,,,,,,,222.0,,,,,,,,,,,,,,,,,,,,,,,,214.0,,,,,,,,,,,,,,,,,,,,,,,,,,,,,,,,,,,,,,,,,,,,,,,,,,,,,,,,,,,,,,,,,,,,,,,,,,,,,,,,,,,,,,,,,,,,,,,,,,,,,,222.0,
2020-02-02,,,,,,,,,,,,,,,,,,,,,,,,275.0,,,,,,,,,,,,,,,,,,,,,,,,,,,,,,,,,,,,,,,,,,,,,,,,,,,,,,,,,,,,,,,,,,,,,,,,,,,,,,,,,,,,,,,,,,,,,,,,,,,,,,284.0,,,,,,,,,,,,,,,,,,,,,,,,275.0,,,,,,,,,,,,,,,,,,,,,,,,,,,,,,,,,,,,,,,,,,,,,,,,,,,,,,,,,,,,,,,,,,,,,,,,,,,,,,,,,,,,,,,,,,,,,,,,,,,,,,284.0,
2020-02-03,,,,,,,,,,,,,,,,,,,,,,,,463.0,,,,,,,,,,,,,,,,,,,,,,,,,,,,,,,,,,,,,,,,,,,,,,,,,,,,,,,,,,,,,,,,,,,,,,,,,,,,,,,,,,,,,,,,,,,,,,,,,,,,,,472.0,,,,,,,,,,,,,,,,,,,,,,,,463.0,,,,,,,,,,,,,,,,,,,,,,,,,,,,,,,,,,,,,,,,,,,,,,,,,,,,,,,,,,,,,,,,,,,,,,,,,,,,,,,,,,,,,,,,,,,,,,,,,,,,,,472.0,
2020-02-04,,,,,,,,,,,,,,,,,,,,,,,,614.0,,,,,,,,,,,,,,,,,,,,,,,,,,,,,,,,,,,,,,,,,,,,,,,,,,,,,,,,,,,,,,,,,,,,,,,,,,,,,,,,,,,,,,,,,,,,,,,,,,,,,,623.0,,,,,,,,,,,,,,,,,,,,,,,,614.0,,,,,,,,,,,,,,,,,,,,,,,,,,,,,,,,,,,,,,,,,,,,,,,,,,,,,,,,,,,,,,,,,,,,,,,,,,,,,,,,,,,,,,,,,,,,,,,,,,,,,,623.0,
2020-02-05,,,,,,,,,,,,,,,,,,,,,,,,843.0,,,,,,,,,,,,,,,,,,,,,,,,,,,,,,,,,,,,,,,,,,,,,,,,,,,,,,,,,,,,,,,,,,,,,,,,,,,,,,,,,,,,,,,,,,,,,,,,,,,,,,852.0,,,,,,,,,,,,,,,,,,,,,,,,843.0,,,,,,,,,,,,,,,,,,,,,,,,,,,,,,,,,,,,,,,,,,,,,,,,,,,,,,,,,,,,,,,,,,,,,,,,,,,,,,,,,,,,,,,,,,,,,,,,,,,,,,852.0,
2020-02-06,,,,,,,,,,,,,,,,,,,,,,,,1115.0,,,,,,,,,,,,,,,,,,,,,,,,,,,,,,,,,,,,,,,,,,,,,,,,,,,,,,,,,,,,,,,,,,,,,,,,,,,,,,,,,,,,,,,,,,,,,,,,,,,,,,1124.0,,,,,,,,,,,,,,,,,,,,,,,,1115.0,,,,,,,,,,,,,,,,,,,,,,,,,,,,,,,,,,,,,,,,,,,,,,,,,,,,,,,,,,,,,,,,,,,,,,,,,,,,,,,,,,,,,,,,,,,,,,,,,,,,,,1124.0,
2020-02-07,,,,,,,,,,,,,,,,,,,,,,,,1478.0,,,,,,,,,,,,,,,,,,,,,,,,,,,,,,,,,,,,,,,,,,,,,,,,,,,,,,,,,,,,,,,,,,,,,,,,,,,,,,,,,,,,,,,,,,,,,,,,,,,,,,1487.0,,,,,,,,,,,,,,,,,,,,,,,,1478.0,,,,,,,,,,,,,,,,,,,,,,,,,,,,,,,,,,,,,,,,,,,,,,,,,,,,,,,,,,,,,,,,,,,,,,,,,,,,,,,,,,,,,,,,,,,,,,,,,,,,,,1487.0,
2020-02-08,,,,,,,,,,,,,,,,,,,,,,,,2000.0,,,,,,,,,,,,,,,,,,,,,,,,,,,,,,,,,,,,,,,,,,,,,,,,,,,,,,,,,,,,,,,,,,,,,,,,,,,,,,,,,,,,,,,,,,,,,,,,,,,,,,2011.0,,,,,,,,,,,,,,,,,,,,,,,,2000.0,,,,,,,,,,,,,,,,,,,,,,,,,,,,,,,,,,,,,,,,,,,,,,,,,,,,,,,,,,,,,,,,,,,,,,,,,,,,,,,,,,,,,,,,,,,,,,,,,,,,,,2011.0,
2020-02-09,,,,,,,,,,,,,,,,,,,,,,,,2597.0,,,,,,,,,,,,,,,,,,,,,,,,,,,,,,,,,,,,,,,,,,,,,,,,,,,,,,,,,,,,,,,,,,,,,,,,,,,,,,,,,,,,,,,,,,,,,,,,,,,,,,2616.0,,,,,,,,,,,,,,,,,,,,,,,,2597.0,,,,,,,,,,,,,,,,,,,,,,,,,,,,,,,,,,,,,,,,,,,,,,,,,,,,,,,,,,,,,,,,,,,,,,,,,,,,,,,,,,,,,,,,,,,,,,,,,,,,,,2616.0,
2020-02-10,,,,,,,,,,,,,,,,,,,,,,,,3220.0,,,,,,,,,,,,,,,,,,,,,,,,,,,,,,,,,,,,,,,,,,,,,,,,,,,,,,,,,,,,,,,,,,,,,,,,,,,,,,,,,,,,,,,,,,,,,,,,,,,,,,3244.0,,,,,,,,,,,,,,,,,,,,,,,,3220.0,,,,,,,,,,,,,,,,,,,,,,,,,,,,,,,,,,,,,,,,,,,,,,,,,,,,,,,,,,,,,,,,,,,,,,,,,,,,,,,,,,,,,,,,,,,,,,,,,,,,,,3244.0,
2020-02-11,,,,,,,,,,,,,,,,,,,,,,,,3919.0,,,,,,,,,,,,,,,,,,,,,,,,,,,,,,,,,,,,,,,,,,,,,,,,,,,,,,,,,,,,,,,,,,,,,,,,,,,,,,,,,,,,,,,,,,,,,,,,,,,,,,3946.0,,,,,,,,,,,,,,,,,,,,,,,,3919.0,,,,,,,,,,,,,,,,,,,,,,,,,,,,,,,,,,,,,,,,,,,,,,,,,,,,,,,,,,,,,,,,,,,,,,,,,,,,,,,,,,,,,,,,,,,,,,,,,,,,,,3946.0,
2020-02-12,,,,,,,,,,,,,,,,,,,,,,,,4637.0,,,,,,,,,,,,,,,,,,,,,,,,,,,,,,,,,,,,,,,,,,,,,,,,,,,,,,,,,,,,,,,,,,,,,,,,,,,,,,,,,,,,,,,,,,,,,,,,,,,,,,4683.0,,,,,,,,,,,,,,,,,,,,,,,,4637.0,,,,,,,,,,,,,,,,,,,,,,,,,,,,,,,,,,,,,,,,,,,,,,,,,,,,,,,,,,,,,,,,,,,,,,,,,,,,,,,,,,,,,,,,,,,,,,,,,,,,,,4683.0,
2020-02-13,,,,,,,,,,,,,,,,,,,,,,,,5083.0,,,,,,,,,,,,,,,,,,,,,,,,,,,,,,,,,,,,,,,,,,,,,,,,,,,,,,,,,,,,,,,,,,,,,,,,,,,,,,,,,,,,,,,,,,,,,,,,,,,,,,5150.0,,,,,,,,,,,,,,,,,,,,,,,,5083.0,,,,,,,,,,,,,,,,,,,,,,,,,,,,,,,,,,,,,,,,,,,,,,,,,,,,,,,,,,,,,,,,,,,,,,,,,,,,,,,,,,,,,,,,,,,,,,,,,,,,,,5150.0,
2020-02-14,,,,,,,,,,,,,,,,,,,,,,,,6218.0,,,,,,,,,,,,,,,,,,,,,,,,,,,,,,,,,,,,,,,,,,,,,,,,,,,,,,,,,,,,,,,,,,,,,,,,,,,,,,,,,,,,,,,,,,,,,,,,,,,,,,6295.0,,,,,,,,,,,,,,,,,,,,,,,,6218.0,,,,,,,,,,,,,,,,,,,,,,,,,,,,,,,,,,,,,,,,,,,,,,,,,,,,,,,,,,,,,,,,,,,,,,,,,,,,,,,,,,,,,,,,,,,,,,,,,,,,,,6295.0,
2020-02-15,,,,,,,,,,,,,,,,,,,,,,,,7979.0,,,,,,,,,,,,,,,,,,,,,,,,,,,,,,,,,,,,,,,,,,,,,,,,,,,,,,,,,,,,,,,,,,,,,,,,,,,,,,,,,,,,,,,,,,,,,,,,,,,,,,8058.0,,,,,,,,,,,,,,,,,,,,,,,,7979.0,,,,,,,,,,,,,,,,,,,,,,,,,,,,,,,,,,,,,,,,,,,,,,,,,,,,,,,,,,,,,,,,,,,,,,,,,,,,,,,,,,,,,,,,,,,,,,,,,,,,,,8058.0,
2020-02-16,,,,,,,,,,,,,,,,,,,,,,,,9300.0,,,,,,,,,,,,,,,,,,,,,,,,,,,,,,,,,,,,,,,,,,,,,,,,,,,,,,,,,,,,,,,,,,,,,,,,,,,,,,,,,,,,,,,,,,,,,,,,,,,,,,9395.0,,,,,,,,,,,,,,,,,,,,,,,,9300.0,,,,,,,,,,,,,,,,,,,,,,,,,,,,,,,,,,,,,,,,,,,,,,,,,,,,,,,,,,,,,,,,,,,,,,,,,,,,,,,,,,,,,,,,,,,,,,,,,,,,,,9395.0,
2020-02-17,,,,,,,,,,,,,,,,,,,,,,,,10757.0,,,,,,,,,,,,,,,,,,,,,,,,,,,,,,,,,,,,,,,,,,,,,,,,,,,,,,,,,,,,,,,,,,,,,,,,,,,,,,,,,,,,,,,,,,,,,,,,,,,,,,10865.0,,,,,,,,,,,,,,,,,,,,,,,,10757.0,,,,,,,,,,,,,,,,,,,,,,,,,,,,,,,,,,,,,,,,,,,,,,,,,,,,,,,,,,,,,,,,,,,,,,,,,,,,,,,,,,,,,,,,,,,,,,,,,,,,,,10865.0,
2020-02-18,,,,,,,,,,,,,,,,,,,,,,,,12464.0,,,,,,,,,,,,,,,,,,,,,,,,,,,,,,,,,,,,,,,,,,,,,,,,,,,,,,,,,,,,,,,,,,,,,,,,,,,,,,,,,,,,,,,,,,,,,,,,,,,,,,12583.0,,,,,,,,,,,,,,,,,,,,,,,,12464.0,,,,,,,,,,,,,,,,,,,,,,,,,,,,,,,,,,,,,,,,,,,,,,,,,,,,,,,,,,,,,,,,,,,,,,,,,,,,,,,,,,,,,,,,,,,,,,,,,,,,,,12583.0,
2020-02-19,,,,,,,,,,,,,,,,,,,,,,,,14208.0,,,,,,,,,,,,,,,,,,,,,,,,,,,,,,,,,,,,,,,,,,,,,,,,,,,,,,,,,,,,,,,,,,,,,,,,,,,,,,,,,,,,,,,,,,,,,,,,,,,,,,14352.0,,,,,,,,,,,,,,,,,,,,,,,,14208.0,,,,,,,,,,,,,,,,,,,,,,,,,,,,,,,,,,,,,,,,,,,,,,,,,,,,,,,,,,,,,,,,,,,,,,,,,,,,,,,,,,,,,,,,,,,,,,,,,,,,,,14352.0,
2020-02-20,,,,,,,,,,,,,,,,,,,,,,,,15964.0,,,,,,,,,,,,,,,,,,,,,,,,,,,,,,,,,,,,,,,,,,,,,,,,,,,,,,,,,,,,,,,,,,,,,,,,,,,,,,,,,,,,,,,,,,,,,,,,,,,,,,16121.0,,,,,,,,,,,,,,,,,,,,,,,,15964.0,,,,,,,,,,,,,,,,,,,,,,,,,,,,,,,,,,,,,,,,,,,,,,,,,,,,,,,,,,,,,,,,,,,,,,,,,,,,,,,,,,,,,,,,,,,,,,,,,,,,,,16121.0,
2020-02-21,,,,,,,,,,,,,,,,,,,,,,,,18016.0,,,,,,,,,,,,,,,,,,,,,,,,,,,,,,,,,,,,,,,,,,,,,,,,,,,,,,,,,,,,,,,,,,,,,,,,,,,,,,,,,,,,,,,,,,,,,,,,,,,,,,18177.0,,,,,,,,,,,,,,,,,,,,,,,,18016.0,,,,,,,,,,,,,,,,,,,,,,,,,,,,,,,,,,,,,,,,,,,,,,,,,,,,,,,,,,,,,,,,,,,,,,,,,,,,,,,,,,,,,,,,,,,,,,,,,,,,,,18177.0,
2020-02-22,,,,,,,,,,,,,,,,,,,,,,,,18706.0,,,,,,,,,,,,,,,,,,,,,,,,,,,,,,,,,,,,,,,,,,,,,,,,,,,,,,,,,,,,,,,,,,,,,,,,,,,,,,,,,,,,,,,,,,,,,,,,,,,,,,18890.0,,,,,,,,,,,,,,,,,,,,,,,,18706.0,,,,,,,,,,,,,,,,,,,,,,,,,,,,,,,,,,,,,,,,,,,,,,,,,,,,,,,,,,,,,,,,,,,,,,,,,,,,,,,,,,,,,,,,,,,,,,,,,,,,,,18890.0,
2020-02-23,,,,,,,,,,,,,,,,,,,,,,,,22701.0,,,,,,,,,,,,,,,,,,,,,,,,,,,,,,,,,,,,,,,,,,,,,,,,,,,,,,,,,,,,,,,,,,,,,,,,,,,,,,,,,,,,,,,,,,,,,,,,,,,,,,22886.0,,,,,,,,,,,,,,,,,,,,,,,,22701.0,,,,,,,,,,,,,,,,,,,,,,,,,,,,,,,,,,,,,,,,,,,,,,,,,,,,,,,,,,,,,,,,,,,,,,,,,,,,,,,,,,,,,,,,,,,,,,,,,,,,,,22886.0,
2020-02-24,,,,,,,,,,,,,,,,,,,,,,,,23189.0,,,,,,,,,,,,,,,,,,,,,,,,,,,,,,,,,,,,,,,,,,,,,,,,,,,,,,,,,,,,,,,,,,,,,,,,,,,,,,,,,,,,,,,,,,,,,,,,,,,,,,23394.0,,,,,,,,,,,,,,,,,,,,,,,,23189.0,,,,,,,,,,,,,,,,,,,,,,,,,,,,,,,,,,,,,,,,,,,,,,,,,,,,,,,,,,,,,,,,,,,,,,,,,,,,,,,,,,,,,,,,,,,,,,,,,,,,,,23394.0,
2020-02-25,,,,,,,,,,,,,,,,,,,,,,,,25020.0,,,,,,,,,,,,,,,,,,,,,,,,,,,,,,,,,,,,,,,,,,,,,,,,,,,,,,,,,,,,,,,,,,,,,,,,,,,,,,,,,,,,,,,,,,,,,,,,,,,,,,25227.0,,,,,,,,,,,,,,,,,,,,,,,,25020.0,,,,,,,,,,,,,,,,,,,,,,,,,,,,,,,,,,,,,,,,,,,,,,,,,,,,,,,,,,,,,,,,,,,,,,,,,,,,,,,,,,,,,,,,,,,,,,,,,,,,,,25227.0,
2020-02-26,,,,,,,,,,,,,,,,,,,,,,,,27681.0,,,,,,,,,,,,,,,,,,,,,,,,,,,,,,,,,,,,,,,,,,,,,,,,,,,,,,,,,,,,,,,,,,,,,,,,,,,,,,,,,,,,,,,,,,,,,,,,,,,,,,27905.0,,,,,,,,,,,,,,,,,,,,,,,,27681.0,,,,,,,,,,,,,,,,,,,,,,,,,,,,,,,,,,,,,,,,,,,,,,,,,,,,,,,,,,,,,,,,,,,,,,,,,,,,,,,,,,,,,,,,,,,,,,,,,,,,,,27905.0,
2020-02-27,,,,,,,,,,,,,,,,,,,,,,,,30089.0,,,,,,,,,,,,,,,,,,,,,,,,,,,,,,,,,,,,,,,,,,,,,,,,,,,,,,,,,,,,,,,,,,,,,,,,,,,,,,,,,,,,,,,,,,,,,,,,,,,,,,30384.0,,,,,,,,,,,,,,,,,,,,,,,,30089.0,,,,,,,,,,,,,,,,,,,,,,,,,,,,,,,,,,,,,,,,,,,,,,,,,,,,,,,,,,,,,,,,,,,,,,,,,,,,,,,,,,,,,,,,,,,,,,,,,,,,,,30384.0,
2020-02-28,,,,,,,,,,,,,,,,,,,,,,,,32935.0,,,,,,,,,,,,,,,,,,,,,,,,,,,,,,,,,,,,,,,,,,,,,,,,,,,,,,,,,,,,,,,,,,,,,,,,,,,,,,,,,,,,,,,,,,,,,,,,,,,,,,33277.0,,,,,,,,,,,,,,,,,,,,,,,,32935.0,,,,,,,,,,,,,,,,,,,,,,,,,,,,,,,,,,,,,,,,,,,,,,,,,,,,,,,,,,,,,,,,,,,,,,,,,,,,,,,,,,,,,,,,,,,,,,,,,,,,,,33277.0,
2020-02-29,,,,,,,,,,,,,,,,,,,,,,,,36335.0,,,,,,,,,,,,,,,,,,,,,,,,,,,,,,,,,,,,,,,,,,,,,,,,,,,,,,,,,,,,,,,,,,,,,,,,,,,,,,,,,,,,,,,,,,,,,,,,,,,,,,36711.0,,,,,,,,,,,,,,,,,,,,,,,,36335.0,,,,,,,,,,,,,,,,,,,,,,,,,,,,,,,,,,,,,,,,,,,,,,,,,,,,,,,,,,,,,,,,,,,,,,,,,,,,,,,,,,,,,,,,,,,,,,,,,,,,,,36711.0,
2020-03-01,,,,,,,,,,,,,,,,,,,,,,,,39329.0,,,,,,,,,,,,,,,,,,,,,,,,,,,,,,,123.0,,,,,,,,,,,,,,,,,,,,,,,,,,,,,,,,,,,,,,,,,,,,,,,,,,,,,,,,,,,,,,,,,,,,,,,39782.0,,,,,,,,,,,,,,,,,,,,,,,,39329.0,,,,,,,,,,,,,,,,,,,,,,,,,,,,,,,123.0,,,,,,,,,,,,,,,,,,,,,,,,,,,,,,,,,,,,,,,,,,,,,,,,,,,,,,,,,,,,,,,,,,,,,,,39782.0,
2020-03-02,,,,,,,,,,,,,,,,,,,,,,,,42171.0,,,,,,,,,,,,,,,,,,,,,,,,,,,,,,,175.0,,,,,,,,,,,,,,,,,,,,,,,,,,,,,,,,,,,,,,,,,,,,,,,,,,,,,,,,,,,,,,,,,,,,,,,42716.0,,,,,,,,,,,,,,,,,,,,,,,,42171.0,,,,,,,,,,,,,,,,,,,,,,,,,,,,,,,175.0,,,,,,,,,,,,,,,,,,,,,,,,,,,,,,,,,,,,,,,,,,,,,,,,,,,,,,,,,,,,,,,,,,,,,,,42716.0,
2020-03-03,,,,,,,,,,,,,,,,,,,,,,,,44866.0,,,,,,,,,,,,,,,,,,,,,,,,,,,,,,,291.0,,,,149.0,,,,,,,,,,,,,,,,,,,,,,,,,,,,,,,,,,,,,,,,,,,,,,,,,,,,,,,,,,,,,,,,,,,45602.0,,,,,,,,,,,,,,,,,,,,,,,,44866.0,,,,,,,,,,,,,,,,,,,,,,,,,,,,,,,291.0,,,,149.0,,,,,,,,,,,,,,,,,,,,,,,,,,,,,,,,,,,,,,,,,,,,,,,,,,,,,,,,,,,,,,,,,,,45602.0,
2020-03-04,,,,,,,,,,,,,,,,,,,,,,,,47462.0,,,,,,,,,,,,,,,,,,,,,,,,,,,,,,,291.0,,,,160.0,,,,,,,,,,,,,,,,,,,,,,,,,,,,,,,,,,,,,,,,,,,,,,,,,,,,,,,,,,,,,,,,,,,48228.0,,,,,,,,,,,,,,,,,,,,,,,,47462.0,,,,,,,,,,,,,,,,,,,,,,,,,,,,,,,291.0,,,,160.0,,,,,,,,,,,,,,,,,,,,,,,,,,,,,,,,,,,,,,,,,,,,,,,,,,,,,,,,,,,,,,,,,,,48228.0,
2020-03-05,,,,,,,,,,,,,,,,,,,,,,,,50013.0,,,,,,,,,,,,,,,,,,,,,,,,,,,,,,,552.0,,,,276.0,,,,,,,,,,,,,,,,,,,,,,,,,,,,,,,,,,,,,,,,,,,,,,,,,,,,,,,,,,,,,,,,,,,51170.0,,,,,,,,,,,,,,,,,,,,,,,,50013.0,,,,,,,,,,,,,,,,,,,,,,,,,,,,,,,552.0,,,,276.0,,,,,,,,,,,,,,,,,,,,,,,,,,,,,,,,,,,,,,,,,,,,,,,,,,,,,,,,,,,,,,,,,,,51170.0,
2020-03-06,,,,,,,,,,,,,,,,,,,,,,,,52304.0,,,,,,,,,,,,,,,,,,,,,,,,,,,,,,,739.0,,,,414.0,,,,,,,,,,,,,,,,,,,,,,,,,,,,,,,,,,,,,,,,,,,,,,,,,,,,,,,,,,,,,,,,,,,53796.0,,,,,,,,,,,,,,,,,,,,,,,,52304.0,,,,,,,,,,,,,,,,,,,,,,,,,,,,,,,739.0,,,,414.0,,,,,,,,,,,,,,,,,,,,,,,,,,,,,,,,,,,,,,,,,,,,,,,,,,,,,,,,,,,,,,,,,,,53796.0,
2020-03-07,,,,,,,,,,,,,,,,,,,,,,,,53956.0,,,,,,,,,,,,,,,,,,,,,,,,,,,,,,,913.0,,,,523.0,,,,,135.0,,,,,,,,,,,,,,,,,,,,,,,,,,,,,,,,,,,,,,,,,,,,,,,,,,,,,,,,,,,,,,55865.0,,,,,,,,,,,,,,,,,,,,,,,,53956.0,,,,,,,,,,,,,,,,,,,,,,,,,,,,,,,913.0,,,,523.0,,,,,135.0,,,,,,,,,,,,,,,,,,,,,,,,,,,,,,,,,,,,,,,,,,,,,,,,,,,,,,,,,,,,,,55865.0,
2020-03-08,,,,,,,,,,,,,,,,,,,,,,,,55551.0,,,,,,,,,,,,,,,,,,,,,,,,,,,,,,,1669.0,,,,589.0,,,,,135.0,,,,,,,,,,,,,,,,,,,,,,,,,,,,,,,,,,,,,,,,,,,,,,,,,,,,,,,,,,,,,,58358.0,,,,,,,,,,,,,,,,,,,,,,,,55551.0,,,,,,,,,,,,,,,,,,,,,,,,,,,,,,,1669.0,,,,589.0,,,,,135.0,,,,,,,,,,,,,,,,,,,,,,,,,,,,,,,,,,,,,,,,,,,,,,,,,,,,,,,,,,,,,,58358.0,
2020-03-09,,,,,,,,,,,,,,,,,,,,,,,,57401.0,,,,,,,,,,,,,,,,,,,,,,,,,,,,,,,2134.0,,,,622.0,,,,,118.0,,,,,,,,,,,,,,,,,,,,,,,,,,,,,,,,,,,,,,,,,,,,,,,,,,,,,,,,,,,,,,60694.0,,,,,,,,,,,,,,,,,,,,,,,,57401.0,,,,,,,,,,,,,,,,,,,,,,,,,,,,,,,2134.0,,,,622.0,,,,,118.0,,,,,,,,,,,,,,,,,,,,,,,,,,,,,,,,,,,,,,,,,,,,,,,,,,,,,,,,,,,,,,60694.0,
2020-03-10,,,,,,,,,,,,,,,,,,,,,,,,58819.0,,,,,,,,,,,,,,,,,,,,,,,,,,,,,,,2394.0,,,,724.0,,,,,118.0,,,,,,,,,,,,,,,,,,,,,,,,,,,,,,,,,,,,,,,,,,,,,,,,,,,,,,,,,,,,,,62494.0,,,,,,,,,,,,,,,,,,,,,,,,58819.0,,,,,,,,,,,,,,,,,,,,,,,,,,,,,,,2394.0,,,,724.0,,,,,118.0,,,,,,,,,,,,,,,,,,,,,,,,,,,,,,,,,,,,,,,,,,,,,,,,,,,,,,,,,,,,,,62494.0,
2020-03-11,,,,,,,,,,,,,,,,,,,,,,,,60198.0,,,,,,,,,,,,,,,,,,,,,,,,,,,,,,,2731.0,,,,724.0,101.0,,,,247.0,,,,,,,,,,,,,,,,,,,,,,,,,,,,,,,,,,,,,,,,,,,,,,,,,,,,,,,,,,,,,,64404.0,,,,,,,,,,,,,,,,,,,,,,,,60198.0,,,,,,,,,,,,,,,,,,,,,,,,,,,,,,,2731.0,,,,724.0,101.0,,,,247.0,,,,,,,,,,,,,,,,,,,,,,,,,,,,,,,,,,,,,,,,,,,,,,,,,,,,,,,,,,,,,,64404.0,
2020-03-12,,,,,,,,,,,,,,,,,,,,,,,,61661.0,,,,,,,,,325.0,,,,,,,,,,,,,,,,,,,,,,2959.0,,,,1045.0,118.0,,,,288.0,,,,,,,,,,,,,,,,,,,,,,,,,,,,,,,,,,,,,,,,,,,183.0,,,,,,,,,,,,,,,,,,,67003.0,,,,,,,,,,,,,,,,,,,,,,,,61661.0,,,,,,,,,325.0,,,,,,,,,,,,,,,,,,,,,,2959.0,,,,1045.0,118.0,,,,288.0,,,,,,,,,,,,,,,,,,,,,,,,,,,,,,,,,,,,,,,,,,,183.0,,,,,,,,,,,,,,,,,,,67003.0,
2020-03-13,,,,,,,,,,,,,,,,,,,,,,,,62921.0,,,,,,,,,325.0,,,,,,,,,,,,,,,,,,,,,,2959.0,,,,1045.0,118.0,,,,333.0,,,,,,,,,,,,,,,,,,,,,,,,,,,,,,,,,,,,,,,,,,,183.0,,,,,,,,,,,,,,,,,,,68324.0,,,,,,,,,,,,,,,,,,,,,,,,62921.0,,,,,,,,,325.0,,,,,,,,,,,,,,,,,,,,,,2959.0,,,,1045.0,118.0,,,,333.0,,,,,,,,,,,,,,,,,,,,,,,,,,,,,,,,,,,,,,,,,,,183.0,,,,,,,,,,,,,,,,,,,68324.0,
2020-03-14,,,,,,,,,,,,,,,,,,,,,,,,64216.0,,,,,,,,,325.0,,,,,,,,,,,,,,,,,,,,,,2959.0,,,,1439.0,118.0,,,,510.0,,,,,,,,,,,,,,,,,,,,,,,,,,,,,,,,,,,,,,,,,,,193.0,,,,,,,,,,,,,,,,,,,70251.0,,,,,,,,,,,,,,,,,,,,,,,,64216.0,,,,,,,,,325.0,,,,,,,,,,,,,,,,,,,,,,2959.0,,,,1439.0,118.0,,,,510.0,,,,,,,,,,,,,,,,,,,,,,,,,,,,,,,,,,,,,,,,,,,193.0,,,,,,,,,,,,,,,,,,,70251.0,
2020-03-15,,,,,,,,,,,,,,,,,,,,,,,,65680.0,,,,,,,,,325.0,,,,,,,,,,,,,,,,,,,,,,2959.0,,,,1966.0,118.0,,,,510.0,,,,,,,,,,,,,,,,,,,,,,,,,,,,,,,,,,,,,,105.0,,,,,517.0,,,,,,,,,,,,,,,,,,,72624.0,,,,,,,,,,,,,,,,,,,,,,,,65680.0,,,,,,,,,325.0,,,,,,,,,,,,,,,,,,,,,,2959.0,,,,1966.0,118.0,,,,510.0,,,,,,,,,,,,,,,,,,,,,,,,,,,,,,,,,,,,,,105.0,,,,,517.0,,,,,,,,,,,,,,,,,,,72624.0,
2020-03-16,,,,,,,,,,,,,,,,,,,,,,,,67037.0,,,,,,,,,325.0,,,,,,,,,,,,,,,,,,,,,,4590.0,,,,2335.0,118.0,,,,510.0,,,,,,,,,,,,,,,,,,,,,,,,,,,,,,,,,,,,,,105.0,,,,,517.0,,,,,,,,,,,,,,,,,,,76034.0,,,,,,,,,,,,,,,,,,,,,,,,67037.0,,,,,,,,,325.0,,,,,,,,,,,,,,,,,,,,,,4590.0,,,,2335.0,118.0,,,,510.0,,,,,,,,,,,,,,,,,,,,,,,,,,,,,,,,,,,,,,105.0,,,,,517.0,,,,,,,,,,,,,,,,,,,76034.0,
2020-03-17,,,,,,,,,,,,,,,,,,,,,,,,67930.0,,,,,,,,,325.0,,,,,,,,,,,,,,,,,,,,,,4590.0,,,,2749.0,144.0,,,,1137.0,,,,,,,,,,,,,,,,,,,,,,,,,,,,,,,,,,,,,,109.0,,,,,530.0,,,,,,,,,,,,,,,,,,,78088.0,,,,,,,,,,,,,,,,,,,,,,,,67930.0,,,,,,,,,325.0,,,,,,,,,,,,,,,,,,,,,,4590.0,,,,2749.0,144.0,,,,1137.0,,,,,,,,,,,,,,,,,,,,,,,,,,,,,,,,,,,,,,109.0,,,,,530.0,,,,,,,,,,,,,,,,,,,78088.0,
2020-03-18,,,,,,,,,,,,,,,,,,,,,,,,68820.0,,,,,,,,,325.0,,,,,,,,,,,,,,,,,,,,,,5389.0,,,,2941.0,144.0,,,,1407.0,,,,,,,,,,,,,,,,,,,,,,,,,,,,,,,,,,,,,,114.0,,,,,1028.0,,,,,,,,,,,,,,,,,,,80840.0,,,,,,,,,,,,,,,,,,,,,,,,68820.0,,,,,,,,,325.0,,,,,,,,,,,,,,,,,,,,,,5389.0,,,,2941.0,144.0,,,,1407.0,,,,,,,,,,,,,,,,,,,,,,,,,,,,,,,,,,,,,,114.0,,,,,1028.0,,,,,,,,,,,,,,,,,,,80840.0,
2020-03-19,,,,,,,,,,,,,,,,,,,,,,,,69777.0,,,,,,,,,325.0,,,,,,,,,,,105.0,,,,,,,,,,,5389.0,,,,4025.0,144.0,,,,1540.0,,,,,,,,,,,,,,,,,,,,,,,,,,,,,,,,,,,,,,114.0,,,,,1081.0,,,,,,,,,,105.0,,,,,,,,,83312.0,,,,,,,,,,,,,,,,,,,,,,,,69777.0,,,,,,,,,325.0,,,,,,,,,,,105.0,,,,,,,,,,,5389.0,,,,4025.0,144.0,,,,1540.0,,,,,,,,,,,,,,,,,,,,,,,,,,,,,,,,,,,,,,114.0,,,,,1081.0,,,,,,,,,,105.0,,,,,,,,,83312.0,
2020-03-20,,,,,,,,,,100.0,,,,,,,,,,,,,,70561.0,,,,,,,,,325.0,,,,,,,,,,,113.0,,,,,,,,,,,5710.0,,,,4440.0,150.0,,,,1540.0,,,,,,,,,,,,,,,,,,,,,,,,,,,,,,,,,,,,,,114.0,,,,,1107.0,,,,,,,,,,121.0,,,,,,,,,84975.0,,,,,,,,,,100.0,,,,,,,,,,,,,,70561.0,,,,,,,,,325.0,,,,,,,,,,,113.0,,,,,,,,,,,5710.0,,,,4440.0,150.0,,,,1540.0,,,,,,,,,,,,,,,,,,,,,,,,,,,,,,,,,,,,,,114.0,,,,,1107.0,,,,,,,,,,121.0,,,,,,,,,84975.0,
2020-03-21,,,,,,,,,,100.0,,,,,,,,,,,,,,71292.0,,,,,,,,,325.0,,,,,,,,,,,180.0,,,,,,,,,,,6745.0,,,,4440.0,191.0,,,,1540.0,,,,,,,,,,,,,,,,,,,,,,,,,,,,,,,,,,,,,,124.0,,,,,1588.0,,,,,,,,,,147.0,,,,,,,,,87420.0,,,,,,,,,,100.0,,,,,,,,,,,,,,71292.0,,,,,,,,,325.0,,,,,,,,,,,180.0,,,,,,,,,,,6745.0,,,,4440.0,191.0,,,,1540.0,,,,,,,,,,,,,,,,,,,,,,,,,,,,,,,,,,,,,,124.0,,,,,1588.0,,,,,,,,,,147.0,,,,,,,,,87420.0,
2020-03-22,,,,,,,,,,125.0,,,263.0,,,,,,,,,,,71885.0,,,,,,,,,325.0,,,,,,,,,,,233.0,,,,,,,,,,,7635.0,,,,6072.0,232.0,,,,1540.0,,,,,,,,,114.0,,,,,,,,,,,,,,,,,,,,,,,,,,,,,140.0,,,,,2125.0,,,,,,,,,,176.0,,,,,,,,,91692.0,,,,,,,,,,125.0,,,263.0,,,,,,,,,,,71885.0,,,,,,,,,325.0,,,,,,,,,,,233.0,,,,,,,,,,,7635.0,,,,6072.0,232.0,,,,1540.0,,,,,,,,,114.0,,,,,,,,,,,,,,,,,,,,,,,,,,,,,140.0,,,,,2125.0,,,,,,,,,,176.0,,,,,,,,,91692.0,
2020-03-23,,,,,,,,,,149.0,,,263.0,,,,,,,,,,,72390.0,,,,,,,,,325.0,,,,,,,,2206.0,,,266.0,,,,,,,,,,,7931.0,,,,7024.0,235.0,,,,2909.0,,,,,,,,,139.0,,,,,,,,,,,,,,,,,,,,,,,,,,,,,144.0,,,,,2575.0,,,,131.0,,,,,,178.0,,,,,,,,,97899.0,,,,,,,,,,149.0,,,263.0,,,,,,,,,,,72390.0,,,,,,,,,325.0,,,,,,,,2206.0,,,266.0,,,,,,,,,,,7931.0,,,,7024.0,235.0,,,,2909.0,,,,,,,,,139.0,,,,,,,,,,,,,,,,,,,,,,,,,,,,,144.0,,,,,2575.0,,,,131.0,,,,,,178.0,,,,,,,,,97899.0,
2020-03-24,,,,,,,,,,149.0,,,263.0,,,,,,,,,,,72842.0,,,,,,,,,325.0,,,,,,,,2206.0,,,266.0,,,,,,,,,,,7931.0,,,,7024.0,235.0,,,,2909.0,,,,,,,,,139.0,,,,,,,,,,,,,,,,,,,,,,,,,,,,,144.0,,,,,2575.0,,,,131.0,,,,,,178.0,,,,,,,,,98351.0,,,,,,,,,,149.0,,,263.0,,,,,,,,,,,72842.0,,,,,,,,,325.0,,,,,,,,2206.0,,,266.0,,,,,,,,,,,7931.0,,,,7024.0,235.0,,,,2909.0,,,,,,,,,139.0,,,,,,,,,,,,,,,,,,,,,,,,,,,,,144.0,,,,,2575.0,,,,131.0,,,,,,178.0,,,,,,,,,98351.0,
2020-03-25,,,,,,,115.0,,,177.0,,,461.0,,,,,,,,,110.0,,73309.0,,,,,,,,,325.0,,,,,,,,3250.0,,,3243.0,,,,,,,,,,,8913.0,,,,8326.0,285.0,,,,3507.0,,,,,,,,,183.0,,,,,,,,,,,,,,,,,,,,,,,,,,,,,156.0,,,,,3794.0,,,,131.0,,,,,,348.0,,,135.0,,,,,,108000.0,,,,,,,115.0,,,177.0,,,461.0,,,,,,,,,110.0,,73309.0,,,,,,,,,325.0,,,,,,,,3250.0,,,3243.0,,,,,,,,,,,8913.0,,,,8326.0,285.0,,,,3507.0,,,,,,,,,183.0,,,,,,,,,,,,,,,,,,,,,,,,,,,,,156.0,,,,,3794.0,,,,131.0,,,,,,348.0,,,135.0,,,,,,108000.0,
2020-03-26,,,,,,,119.0,,,177.0,,,547.0,,,,,,,,,183.0,,73802.0,,,,,,,,,587.0,,,,,,,,3907.0,,,3547.0,,,,,,,,,,,9625.0,103.0,,,9362.0,310.0,,,,3730.0,,,,,,,,,199.0,,,,,,,,,,,,,,,,,,,,,,,,,,,,,160.0,,,,,5367.0,,,,131.0,,,,,,361.0,,,135.0,,,,,,113787.0,,,,,,,119.0,,,177.0,,,547.0,,,,,,,,,183.0,,73802.0,,,,,,,,,587.0,,,,,,,,3907.0,,,3547.0,,,,,,,,,,,9625.0,103.0,,,9362.0,310.0,,,,3730.0,,,,,,,,,199.0,,,,,,,,,,,,,,,,,,,,,,,,,,,,,160.0,,,,,5367.0,,,,131.0,,,,,,361.0,,,135.0,,,,,,113787.0,
2020-03-27,,,,,,,172.0,112.0,,204.0,,,675.0,,,,,,,,,184.0,,74210.0,,,,,,,,,597.0,,,,102.0,,,,4955.0,,,5673.0,,,,,,,,,,,10457.0,105.0,,,10361.0,359.0,,,,4144.0,,,,,,,,,215.0,,,,,,,,,,,,,,,,,,,,,,,,,,,,,172.0,,,,,7015.0,,,,131.0,,,,,,681.0,,,137.0,,,,,,122150.0,,,,,,,172.0,112.0,,204.0,,,675.0,,,,,,,,,184.0,,74210.0,,,,,,,,,597.0,,,,102.0,,,,4955.0,,,5673.0,,,,,,,,,,,10457.0,105.0,,,10361.0,359.0,,,,4144.0,,,,,,,,,215.0,,,,,,,,,,,,,,,,,,,,,,,,,,,,,172.0,,,,,7015.0,,,,131.0,,,,,,681.0,,,137.0,,,,,,122150.0,
2020-03-28,,,,,,,194.0,225.0,,227.0,,,858.0,,,,,,,,,256.0,,74749.0,,,,,,,,,597.0,,,,116.0,,,,5707.0,,,6658.0,,,,,,,,,,,11133.0,122.0,,,10950.0,372.0,,,,4528.0,,,,,,,,,259.0,,,,,,,,,,,,,,,,,,,,,,115.0,,,,,,,183.0,,,,,9357.0,,,,1530.0,,,,,,869.0,,,137.0,,,,,,130915.0,,,,,,,194.0,225.0,,227.0,,,858.0,,,,,,,,,256.0,,74749.0,,,,,,,,,597.0,,,,116.0,,,,5707.0,,,6658.0,,,,,,,,,,,11133.0,122.0,,,10950.0,372.0,,,,4528.0,,,,,,,,,259.0,,,,,,,,,,,,,,,,,,,,,,115.0,,,,,,,183.0,,,,,9357.0,,,,1530.0,,,,,,869.0,,,137.0,,,,,,130915.0,
2020-03-29,,,,,,,244.0,225.0,,265.0,,,1063.0,,,,,,,,,466.0,,75130.0,,,,,,,,,597.0,,,,121.0,,,,5724.0,,,8481.0,,,,,,,,114.0,,,11679.0,131.0,,,12384.0,404.0,,,,4811.0,,,,,,,,,320.0,,,,,,,,,,,,,,,,,,,,,,139.0,,,,,,,198.0,,,,,12285.0,,,,1530.0,,,,,,1072.0,,,137.0,,,,,,139415.0,,,,,,,244.0,225.0,,265.0,,,1063.0,,,,,,,,,466.0,,75130.0,,,,,,,,,597.0,,,,121.0,,,,5724.0,,,8481.0,,,,,,,,114.0,,,11679.0,131.0,,,12384.0,404.0,,,,4811.0,,,,,,,,,320.0,,,,,,,,,,,,,,,,,,,,,,139.0,,,,,,,198.0,,,,,12285.0,,,,1530.0,,,,,,1072.0,,,137.0,,,,,,139415.0,
2020-03-30,,,,,,,244.0,479.0,,272.0,,,1359.0,,,,,,,,,466.0,,75612.0,,,,,,,,,603.0,,,,132.0,,,,7226.0,,,9211.0,,,,,,,,135.0,,,12391.0,143.0,,132.0,13030.0,424.0,,,,5033.0,,,,,,,,,388.0,,,,,,,,253.0,,,,,,,,,,,,,,206.0,,,,,,,212.0,,,,,14709.0,,,,1595.0,,,,,105.0,2665.0,,,137.0,,,,,,149082.0,,,,,,,244.0,479.0,,272.0,,,1359.0,,,,,,,,,466.0,,75612.0,,,,,,,,,603.0,,,,132.0,,,,7226.0,,,9211.0,,,,,,,,135.0,,,12391.0,143.0,,132.0,13030.0,424.0,,,,5033.0,,,,,,,,,388.0,,,,,,,,253.0,,,,,,,,,,,,,,206.0,,,,,,,212.0,,,,,14709.0,,,,1595.0,,,,,105.0,2665.0,,,137.0,,,,,,149082.0,
2020-03-31,,,,,228.0,,257.0,636.0,,279.0,,,1527.0,,,120.0,,,,,,466.0,156.0,75962.0,,,,,,,,,603.0,,,,150.0,,,,7964.0,,,13500.0,,,,,,,,157.0,102.0,,13911.0,152.0,,161.0,14620.0,424.0,,,,5228.0,,,,,,,,,479.0,,,,,,,,253.0,,,,,,,,,,,,,,209.0,,,,115.0,,,228.0,,,,,16780.0,,,,1823.0,,229.0,,,162.0,5644.0,,,137.0,,,,,,164566.0,,,,,228.0,,257.0,636.0,,279.0,,,1527.0,,,120.0,,,,,,466.0,156.0,75962.0,,,,,,,,,603.0,,,,150.0,,,,7964.0,,,13500.0,,,,,,,,157.0,102.0,,13911.0,152.0,,161.0,14620.0,424.0,,,,5228.0,,,,,,,,,479.0,,,,,,,,253.0,,,,,,,,,,,,,,209.0,,,,115.0,,,228.0,,,,,16780.0,,,,1823.0,,229.0,,,162.0,5644.0,,,137.0,,,,,,164566.0,
2020-04-01,,,,,240.0,,358.0,1095.0,,295.0,,,1696.0,,,127.0,,,,,,1592.0,156.0,76245.0,,,,,,,,,603.0,,,,157.0,,,,9513.0,,,16100.0,,,,,,,,198.0,123.0,,14656.0,170.0,,224.0,15729.0,424.0,,,,5408.0,,,,,,,,,537.0,,,,,,,,253.0,,,,,,,,,394.0,,,,,220.0,121.0,,,165.0,,,240.0,,,,,19259.0,,,,1823.0,,342.0,,,243.0,7024.0,,,145.0,,,,,,178034.0,,,,,240.0,,358.0,1095.0,,295.0,,,1696.0,,,127.0,,,,,,1592.0,156.0,76245.0,,,,,,,,,603.0,,,,157.0,,,,9513.0,,,16100.0,,,,,,,,198.0,123.0,,14656.0,170.0,,224.0,15729.0,424.0,,,,5408.0,,,,,,,,,537.0,,,,,,,,253.0,,,,,,,,,394.0,,,,,220.0,121.0,,,165.0,,,240.0,,,,,19259.0,,,,1823.0,,342.0,,,243.0,7024.0,,,145.0,,,,,,178034.0,
2020-04-02,,,,,248.0,,422.0,1436.0,,337.0,,,2132.0,,,127.0,,,,,,1324.0,234.0,76444.0,,,,,,,,971.0,603.0,,,,179.0,,,,11053.0,,,18700.0,,,,,,,,225.0,148.0,103.0,15473.0,182.0,,241.0,16847.0,472.0,,,,5567.0,,,,,,,,,645.0,,,,,,,,260.0,,,,,,,,,394.0,,,,,252.0,190.0,,,264.0,,,245.0,,,,,22647.0,,,103.0,2967.0,,505.0,,,333.0,8474.0,,,145.0,,,,,,193198.0,,,,,248.0,,422.0,1436.0,,337.0,,,2132.0,,,127.0,,,,,,1324.0,234.0,76444.0,,,,,,,,971.0,603.0,,,,179.0,,,,11053.0,,,18700.0,,,,,,,,225.0,148.0,103.0,15473.0,182.0,,241.0,16847.0,472.0,,,,5567.0,,,,,,,,,645.0,,,,,,,,260.0,,,,,,,,,394.0,,,,,252.0,190.0,,,264.0,,,245.0,,,,,22647.0,,,103.0,2967.0,,505.0,,,333.0,8474.0,,,145.0,,,,,,193198.0,
2020-04-03,,,,,256.0,,520.0,1749.0,,381.0,,,2495.0,,,127.0,,,,,,1735.0,335.0,76610.0,,,,,,,,1172.0,619.0,,,,201.0,,,300.0,12548.0,,,22440.0,,,,,,,,284.0,191.0,112.0,16711.0,202.0,,338.0,18278.0,472.0,,,,5828.0,,,,,,,,,767.0,,,,,,,,260.0,,,,,,125.0,,,537.0,,,,,267.0,235.0,,,328.0,,,266.0,,,,,26743.0,,,103.0,4013.0,,505.0,,,415.0,9001.0,,,146.0,,,,,,210269.0,,,,,256.0,,520.0,1749.0,,381.0,,,2495.0,,,127.0,,,,,,1735.0,335.0,76610.0,,,,,,,,1172.0,619.0,,,,201.0,,,300.0,12548.0,,,22440.0,,,,,,,,284.0,191.0,112.0,16711.0,202.0,,338.0,18278.0,472.0,,,,5828.0,,,,,,,,,767.0,,,,,,,,260.0,,,,,,125.0,,,537.0,,,,,267.0,235.0,,,328.0,,,266.0,,,,,26743.0,,,103.0,4013.0,,505.0,,,415.0,9001.0,,,146.0,,,,,,210269.0,
2020-04-04,,,,,266.0,,649.0,2022.0,,382.0,,,2872.0,,,127.0,,,,,,2175.0,427.0,76810.0,,,,,,,,1287.0,619.0,,,,216.0,,,300.0,14135.0,,,24575.0,,,,,,,,309.0,192.0,134.0,17935.0,226.0,,403.0,19758.0,514.0,,,,6021.0,,,,,,,500.0,,827.0,,,,633.0,,,,260.0,103.0,,,,,126.0,,,537.0,,,,,283.0,281.0,,,351.0,,,282.0,,,,,30513.0,,,205.0,4846.0,,612.0,,,484.0,9707.0,,108.0,162.0,,,,,,225814.0,,,,,266.0,,649.0,2022.0,,382.0,,,2872.0,,,127.0,,,,,,2175.0,427.0,76810.0,,,,,,,,1287.0,619.0,,,,216.0,,,300.0,14135.0,,,24575.0,,,,,,,,309.0,192.0,134.0,17935.0,226.0,,403.0,19758.0,514.0,,,,6021.0,,,,,,,500.0,,827.0,,,,633.0,,,,260.0,103.0,,,,,126.0,,,537.0,,,,,283.0,281.0,,,351.0,,,282.0,,,,,30513.0,,,205.0,4846.0,,612.0,,,484.0,9707.0,,108.0,162.0,,,,,,225814.0,
2020-04-05,,,,,279.0,,701.0,2507.0,,423.0,,,3247.0,,,127.0,,,,,,2577.0,528.0,76996.0,,,,119.0,,,,1379.0,619.0,,,100.0,241.0,,,300.0,15572.0,,,26400.0,,,,,,,,396.0,229.0,150.0,19736.0,259.0,,427.0,20996.0,514.0,,,,6325.0,,,,,,,500.0,,915.0,,,,633.0,,,,262.0,127.0,,,,,131.0,,,914.0,,116.0,,109.0,329.0,333.0,,,420.0,,,297.0,,,,,34219.0,,,205.0,6415.0,,674.0,,,786.0,14652.0,,125.0,163.0,,,,,,246152.0,,,,,279.0,,701.0,2507.0,,423.0,,,3247.0,,,127.0,,,,,,2577.0,528.0,76996.0,,,,119.0,,,,1379.0,619.0,,,100.0,241.0,,,300.0,15572.0,,,26400.0,,,,,,,,396.0,229.0,150.0,19736.0,259.0,,427.0,20996.0,514.0,,,,6325.0,,,,,,,500.0,,915.0,,,,633.0,,,,262.0,127.0,,,,,131.0,,,914.0,,116.0,,109.0,329.0,333.0,,,420.0,,,297.0,,,,,34219.0,,,205.0,6415.0,,674.0,,,786.0,14652.0,,125.0,163.0,,,,,,246152.0,
2020-04-06,,104.0,,,280.0,,757.0,2998.0,,431.0,,,3751.0,,,127.0,,,,,,3012.0,618.0,77257.0,,,,125.0,,,,1429.0,619.0,,,100.0,247.0,,,300.0,16349.0,,,28700.0,,,,,,,,428.0,229.0,164.0,19736.0,279.0,,477.0,21815.0,514.0,110.0,,,6463.0,,,,,,,500.0,,1005.0,,,,633.0,,,,257.0,156.0,,,,,211.0,,,989.0,,134.0,,123.0,374.0,355.0,,,488.0,,,320.0,,,,,38080.0,,,205.0,6415.0,,793.0,,,1042.0,17448.0,,144.0,177.0,104.0,,,,,260023.0,,104.0,,,280.0,,757.0,2998.0,,431.0,,,3751.0,,,127.0,,,,,,3012.0,618.0,77257.0,,,,125.0,,,,1429.0,619.0,,,100.0,247.0,,,300.0,16349.0,,,28700.0,,,,,,,,428.0,229.0,164.0,19736.0,279.0,,477.0,21815.0,514.0,110.0,,,6463.0,,,,,,,500.0,,1005.0,,,,633.0,,,,257.0,156.0,,,,,211.0,,,989.0,,134.0,,123.0,374.0,355.0,,,488.0,,,320.0,,,,,38080.0,,,205.0,6415.0,,793.0,,,1042.0,17448.0,,144.0,177.0,104.0,,,,,260023.0,
2020-04-07,,116.0,,,325.0,,1080.0,3463.0,,458.0,,,3986.0,,,127.0,,,108.0,,,3256.0,728.0,77367.0,,,,130.0,,,121.0,1489.0,619.0,,,100.0,259.0,,,300.0,17428.0,,,28700.0,,,269.0,,,,,460.0,375.0,192.0,24236.0,344.0,,585.0,22837.0,575.0,126.0,,,6598.0,,103.0,,,,,500.0,,1241.0,,,,633.0,,,,258.0,176.0,,,,,259.0,,,997.0,,162.0,140.0,131.0,406.0,406.0,,,551.0,,,344.0,,102.0,,,40437.0,,,205.0,8056.0,,793.0,,,1326.0,19581.0,,167.0,235.0,123.0,,,,,276534.0,,116.0,,,325.0,,1080.0,3463.0,,458.0,,,3986.0,,,127.0,,,108.0,,,3256.0,728.0,77367.0,,,,130.0,,,121.0,1489.0,619.0,,,100.0,259.0,,,300.0,17428.0,,,28700.0,,,269.0,,,,,460.0,375.0,192.0,24236.0,344.0,,585.0,22837.0,575.0,126.0,,,6598.0,,103.0,,,,,500.0,,1241.0,,,,633.0,,,,258.0,176.0,,,,,259.0,,,997.0,,162.0,140.0,131.0,406.0,406.0,,,551.0,,,344.0,,102.0,,,40437.0,,,205.0,8056.0,,793.0,,,1326.0,19581.0,,167.0,235.0,123.0,,,,,276534.0,
2020-04-08,,131.0,113.0,,338.0,,1080.0,4046.0,,458.0,,,4157.0,,,127.0,,,127.0,,,3791.0,898.0,77467.0,100.0,,,167.0,,,172.0,1621.0,619.0,,,100.0,276.0,,,300.0,19523.0,,,36081.0,,,269.0,,,,,559.0,421.0,204.0,27039.0,373.0,,770.0,24392.0,592.0,138.0,,,6694.0,,105.0,,,,,500.0,,1321.0,,,,633.0,,,,272.0,241.0,,,,,429.0,,,1301.0,,191.0,184.0,150.0,460.0,494.0,,,615.0,105.0,,377.0,,102.0,,,43208.0,,,205.0,8704.0,,888.0,,,1582.0,21763.0,,186.0,265.0,150.0,,,123.0,,300054.0,,131.0,113.0,,338.0,,1080.0,4046.0,,458.0,,,4157.0,,,127.0,,,127.0,,,3791.0,898.0,77467.0,100.0,,,167.0,,,172.0,1621.0,619.0,,,100.0,276.0,,,300.0,19523.0,,,36081.0,,,269.0,,,,,559.0,421.0,204.0,27039.0,373.0,,770.0,24392.0,592.0,138.0,,,6694.0,,105.0,,,,,500.0,,1321.0,,,,633.0,,,,272.0,241.0,,,,,429.0,,,1301.0,,191.0,184.0,150.0,460.0,494.0,,,615.0,105.0,,377.0,,102.0,,,43208.0,,,205.0,8704.0,,888.0,,,1582.0,21763.0,,186.0,265.0,150.0,,,123.0,,300054.0,
2020-04-09,,154.0,237.0,,358.0,114.0,1080.0,4512.0,,477.0,,,4681.0,,,127.0,,,134.0,,,4154.0,1115.0,77628.0,123.0,,,179.0,,,233.0,1763.0,619.0,,,140.0,305.0,,,300.0,21452.0,,,46300.0,,,269.0,,,,,633.0,506.0,222.0,29812.0,452.0,,801.0,26491.0,622.0,150.0,,,6776.0,,111.0,,,,,500.0,,1487.0,,,,633.0,,,,272.0,282.0,,,,,467.0,,,1333.0,,222.0,196.0,178.0,528.0,580.0,,,631.0,113.0,,406.0,,120.0,,,48021.0,,,205.0,9800.0,,888.0,,,1846.0,23559.0,,239.0,285.0,192.0,,,126.0,,328703.0,,154.0,237.0,,358.0,114.0,1080.0,4512.0,,477.0,,,4681.0,,,127.0,,,134.0,,,4154.0,1115.0,77628.0,123.0,,,179.0,,,233.0,1763.0,619.0,,,140.0,305.0,,,300.0,21452.0,,,46300.0,,,269.0,,,,,633.0,506.0,222.0,29812.0,452.0,,801.0,26491.0,622.0,150.0,,,6776.0,,111.0,,,,,500.0,,1487.0,,,,633.0,,,,272.0,282.0,,,,,467.0,,,1333.0,,222.0,196.0,178.0,528.0,580.0,,,631.0,113.0,,406.0,,120.0,,,48021.0,,,205.0,9800.0,,888.0,,,1846.0,23559.0,,239.0,285.0,192.0,,,126.0,,328703.0,
2020-04-10,,165.0,347.0,,365.0,138.0,1472.0,5240.0,101.0,519.0,,139.0,5164.0,,101.0,173.0,,,146.0,,,5162.0,1274.0,77746.0,174.0,,,219.0,,,301.0,1883.0,619.0,,,339.0,348.0,,,300.0,23413.0,,,52407.0,,,269.0,,,,,688.0,620.0,252.0,32309.0,496.0,,1011.0,28470.0,632.0,161.0,,,6973.0,,111.0,,,,,500.0,,1608.0,,,,633.0,,,109.0,278.0,317.0,,,,109.0,572.0,,,1438.0,124.0,284.0,205.0,206.0,647.0,698.0,,,666.0,123.0,,460.0,,128.0,,,52165.0,,,205.0,10600.0,,940.0,,,2142.0,25410.0,,268.0,299.0,206.0,,,128.0,,353989.0,,165.0,347.0,,365.0,138.0,1472.0,5240.0,101.0,519.0,,139.0,5164.0,,101.0,173.0,,,146.0,,,5162.0,1274.0,77746.0,174.0,,,219.0,,,301.0,1883.0,619.0,,,339.0,348.0,,,300.0,23413.0,,,52407.0,,,269.0,,,,,688.0,620.0,252.0,32309.0,496.0,,1011.0,28470.0,632.0,161.0,,,6973.0,,111.0,,,,,500.0,,1608.0,,,,633.0,,,109.0,278.0,317.0,,,,109.0,572.0,,,1438.0,124.0,284.0,205.0,206.0,647.0,698.0,,,666.0,123.0,,460.0,,128.0,,,52165.0,,,205.0,10600.0,,940.0,,,2142.0,25410.0,,268.0,299.0,206.0,,,128.0,,353989.0,
2020-04-11,,182.0,405.0,,375.0,149.0,1793.0,6064.0,159.0,539.0,,169.0,5568.0,,129.0,173.0,,,146.0,,,5855.0,1571.0,77882.0,197.0,,,231.0,,,346.0,1929.0,619.0,,,368.0,384.0,,,300.0,25195.0,,,53913.0,,,269.0,,,,112.0,751.0,774.0,282.0,35465.0,550.0,,1183.0,30455.0,685.0,170.0,,,7117.0,,123.0,,,,,500.0,,1830.0,,,,633.0,,,122.0,287.0,373.0,,,,109.0,727.0,,,1569.0,140.0,318.0,233.0,227.0,729.0,795.0,,,685.0,137.0,,492.0,,137.0,,410.0,55668.0,,,381.0,11100.0,,1013.0,,,2423.0,28790.0,,418.0,519.0,214.0,,,144.0,,376104.0,,182.0,405.0,,375.0,149.0,1793.0,6064.0,159.0,539.0,,169.0,5568.0,,129.0,173.0,,,146.0,,,5855.0,1571.0,77882.0,197.0,,,231.0,,,346.0,1929.0,619.0,,,368.0,384.0,,,300.0,25195.0,,,53913.0,,,269.0,,,,112.0,751.0,774.0,282.0,35465.0,550.0,,1183.0,30455.0,685.0,170.0,,,7117.0,,123.0,,,,,500.0,,1830.0,,,,633.0,,,122.0,287.0,373.0,,,,109.0,727.0,,,1569.0,140.0,318.0,233.0,227.0,729.0,795.0,,,685.0,137.0,,492.0,,137.0,,410.0,55668.0,,,381.0,11100.0,,1013.0,,,2423.0,28790.0,,418.0,519.0,214.0,,,144.0,,376104.0,
2020-04-12,,197.0,460.0,,440.0,173.0,1806.0,6604.0,200.0,555.0,,172.0,5986.0,,139.0,173.0,104.0,,155.0,,,6589.0,1864.0,77976.0,214.0,,,323.0,,,411.0,2111.0,619.0,,108.0,411.0,426.0,,,300.0,26663.0,,,57400.0,,,269.0,,,,115.0,841.0,969.0,286.0,41947.0,601.0,,1341.0,32534.0,762.0,177.0,,,7243.0,,133.0,,,,,500.0,,1995.0,,,,633.0,,,146.0,291.0,422.0,,,,109.0,762.0,,,1739.0,157.0,375.0,266.0,247.0,758.0,1045.0,,,720.0,152.0,,528.0,,148.0,,410.0,59109.0,,,381.0,12100.0,,1135.0,,,2965.0,31270.0,,588.0,538.0,224.0,,,144.0,,402120.0,,197.0,460.0,,440.0,173.0,1806.0,6604.0,200.0,555.0,,172.0,5986.0,,139.0,173.0,104.0,,155.0,,,6589.0,1864.0,77976.0,214.0,,,323.0,,,411.0,2111.0,619.0,,108.0,411.0,426.0,,,300.0,26663.0,,,57400.0,,,269.0,,,,115.0,841.0,969.0,286.0,41947.0,601.0,,1341.0,32534.0,762.0,177.0,,,7243.0,,133.0,,,,,500.0,,1995.0,,,,633.0,,,146.0,291.0,422.0,,,,109.0,762.0,,,1739.0,157.0,375.0,266.0,247.0,758.0,1045.0,,,720.0,152.0,,528.0,,148.0,,410.0,59109.0,,,381.0,12100.0,,1135.0,,,2965.0,31270.0,,588.0,538.0,224.0,,,144.0,,402120.0,
2020-04-13,,217.0,591.0,128.0,468.0,197.0,1806.0,6987.0,250.0,558.0,,203.0,6463.0,,193.0,173.0,106.0,,161.0,,,7123.0,2059.0,78065.0,270.0,,,373.0,,,464.0,2291.0,619.0,,131.0,501.0,589.0,,,300.0,27469.0,,,60300.0,,,269.0,,,,118.0,889.0,1080.0,359.0,43894.0,640.0,,1627.0,34211.0,762.0,201.0,,,7368.0,,142.0,,,,,500.0,,2108.0,,,,1772.0,,,177.0,295.0,471.0,,,,109.0,1028.0,,,1798.0,197.0,439.0,277.0,275.0,852.0,1291.0,,,761.0,171.0,,560.0,,150.0,,410.0,62391.0,,,381.0,12700.0,,1218.0,,,3446.0,32988.0,,680.0,542.0,231.0,,,144.0,,421722.0,,217.0,591.0,128.0,468.0,197.0,1806.0,6987.0,250.0,558.0,,203.0,6463.0,,193.0,173.0,106.0,,161.0,,,7123.0,2059.0,78065.0,270.0,,,373.0,,,464.0,2291.0,619.0,,131.0,501.0,589.0,,,300.0,27469.0,,,60300.0,,,269.0,,,,118.0,889.0,1080.0,359.0,43894.0,640.0,,1627.0,34211.0,762.0,201.0,,,7368.0,,142.0,,,,,500.0,,2108.0,,,,1772.0,,,177.0,295.0,471.0,,,,109.0,1028.0,,,1798.0,197.0,439.0,277.0,275.0,852.0,1291.0,,,761.0,171.0,,560.0,,150.0,,410.0,62391.0,,,381.0,12700.0,,1218.0,,,3446.0,32988.0,,680.0,542.0,231.0,,,144.0,,421722.0,
2020-04-14,,232.0,601.0,128.0,515.0,211.0,1806.0,7343.0,289.0,591.0,,203.0,6707.0,,206.0,173.0,107.0,,161.0,,,7758.0,2367.0,78148.0,319.0,,,400.0,121.0,,519.0,2403.0,619.0,,152.0,597.0,589.0,,102.0,300.0,28001.0,,,64300.0,,,269.0,,,,120.0,933.0,1181.0,380.0,45983.0,717.0,,1855.0,35435.0,784.0,215.0,138.0,,7447.0,,150.0,,,,101.0,500.0,,2276.0,,,,1843.0,107.0,,203.0,295.0,546.0,,,,124.0,1095.0,,,2642.0,242.0,487.0,277.0,334.0,914.0,1470.0,,,805.0,178.0,,586.0,107.0,152.0,,410.0,64727.0,,,381.0,13700.0,,1288.0,,,3957.0,43482.0,,852.0,220.0,248.0,,110.0,146.0,,448672.0,,232.0,601.0,128.0,515.0,211.0,1806.0,7343.0,289.0,591.0,,203.0,6707.0,,206.0,173.0,107.0,,161.0,,,7758.0,2367.0,78148.0,319.0,,,400.0,121.0,,519.0,2403.0,619.0,,152.0,597.0,589.0,,102.0,300.0,28001.0,,,64300.0,,,269.0,,,,120.0,933.0,1181.0,380.0,45983.0,717.0,,1855.0,35435.0,784.0,215.0,138.0,,7447.0,,150.0,,,,101.0,500.0,,2276.0,,,,1843.0,107.0,,203.0,295.0,546.0,,,,124.0,1095.0,,,2642.0,242.0,487.0,277.0,334.0,914.0,1470.0,,,805.0,178.0,,586.0,107.0,152.0,,410.0,64727.0,,,381.0,13700.0,,1288.0,,,3957.0,43482.0,,852.0,220.0,248.0,,110.0,146.0,,448672.0,
2020-04-15,,248.0,691.0,128.0,559.0,265.0,2186.0,7633.0,351.0,645.0,,203.0,6868.0,,236.0,3046.0,107.0,,177.0,,130.0,8210.0,2646.0,78324.0,354.0,,114.0,415.0,132.0,,642.0,2689.0,639.0,,162.0,696.0,589.0,,115.0,300.0,28805.0,,,68200.0,,,269.0,,,,122.0,989.0,1359.0,426.0,48129.0,766.0,,2195.0,37130.0,799.0,235.0,203.0,,7534.0,,176.0,,,,101.0,500.0,,2478.0,,,,1964.0,134.0,,217.0,297.0,628.0,,,,130.0,1378.0,,,2869.0,295.0,618.0,347.0,373.0,1051.0,1694.0,,,889.0,183.0,,611.0,113.0,152.0,,410.0,67504.0,,,381.0,13700.0,,1405.0,,,4799.0,47763.0,119.0,933.0,230.0,260.0,,110.0,169.0,,473980.0,,248.0,691.0,128.0,559.0,265.0,2186.0,7633.0,351.0,645.0,,203.0,6868.0,,236.0,3046.0,107.0,,177.0,,130.0,8210.0,2646.0,78324.0,354.0,,114.0,415.0,132.0,,642.0,2689.0,639.0,,162.0,696.0,589.0,,115.0,300.0,28805.0,,,68200.0,,,269.0,,,,122.0,989.0,1359.0,426.0,48129.0,766.0,,2195.0,37130.0,799.0,235.0,203.0,,7534.0,,176.0,,,,101.0,500.0,,2478.0,,,,1964.0,134.0,,217.0,297.0,628.0,,,,130.0,1378.0,,,2869.0,295.0,618.0,347.0,373.0,1051.0,1694.0,,,889.0,183.0,,611.0,113.0,152.0,,410.0,67504.0,,,381.0,13700.0,,1405.0,,,4799.0,47763.0,119.0,933.0,230.0,260.0,,110.0,169.0,,473980.0,
2020-04-16,,251.0,708.0,169.0,596.0,297.0,2186.0,8098.0,404.0,663.0,,203.0,7107.0,,253.0,14026.0,108.0,105.0,226.0,,165.0,8966.0,2937.0,78435.0,452.0,,114.0,473.0,151.0,,819.0,2925.0,639.0,,208.0,780.0,589.0,,117.0,300.0,30955.0,,,72600.0,,104.0,269.0,,,,192.0,1077.0,1432.0,446.0,49933.0,812.0,,2563.0,38092.0,853.0,250.0,240.0,,7616.0,,206.0,,,,138.0,526.0,,2647.0,,,,2125.0,171.0,,229.0,304.0,728.0,,128.0,,131.0,1446.0,,,3108.0,353.0,668.0,383.0,406.0,1217.0,1986.0,,,931.0,190.0,,652.0,151.0,165.0,,410.0,70853.0,,,381.0,15400.0,,1497.0,,,5674.0,52096.0,143.0,1034.0,264.0,272.0,107.0,111.0,171.0,,510516.0,,251.0,708.0,169.0,596.0,297.0,2186.0,8098.0,404.0,663.0,,203.0,7107.0,,253.0,14026.0,108.0,105.0,226.0,,165.0,8966.0,2937.0,78435.0,452.0,,114.0,473.0,151.0,,819.0,2925.0,639.0,,208.0,780.0,589.0,,117.0,300.0,30955.0,,,72600.0,,104.0,269.0,,,,192.0,1077.0,1432.0,446.0,49933.0,812.0,,2563.0,38092.0,853.0,250.0,240.0,,7616.0,,206.0,,,,138.0,526.0,,2647.0,,,,2125.0,171.0,,229.0,304.0,728.0,,128.0,,131.0,1446.0,,,3108.0,353.0,668.0,383.0,406.0,1217.0,1986.0,,,931.0,190.0,,652.0,151.0,165.0,,410.0,70853.0,,,381.0,15400.0,,1497.0,,,5674.0,52096.0,143.0,1034.0,264.0,272.0,107.0,111.0,171.0,,510516.0,
2020-04-17,,277.0,783.0,169.0,631.0,358.0,2355.0,8986.0,460.0,703.0,,203.0,7562.0,,277.0,14026.0,108.0,122.0,257.0,,164.0,9698.0,3299.0,78556.0,550.0,,146.0,529.0,171.0,,972.0,3203.0,644.0,,215.0,838.0,596.0,,133.0,1700.0,32812.0,,,77000.0,,104.0,269.0,,,,199.0,1144.0,1768.0,548.0,52229.0,856.0,,2818.0,40164.0,901.0,259.0,277.0,,7757.0,,225.0,,,,178.0,552.0,,2766.0,,,,2125.0,235.0,,249.0,311.0,770.0,,152.0,121.0,176.0,1645.0,,,6120.0,435.0,774.0,493.0,415.0,1357.0,2304.0,,,990.0,194.0,,683.0,167.0,174.0,,903.0,74797.0,,,550.0,15900.0,,1593.0,,,7089.0,54703.0,186.0,1095.0,271.0,286.0,129.0,111.0,177.0,,541592.0,,277.0,783.0,169.0,631.0,358.0,2355.0,8986.0,460.0,703.0,,203.0,7562.0,,277.0,14026.0,108.0,122.0,257.0,,164.0,9698.0,3299.0,78556.0,550.0,,146.0,529.0,171.0,,972.0,3203.0,644.0,,215.0,838.0,596.0,,133.0,1700.0,32812.0,,,77000.0,,104.0,269.0,,,,199.0,1144.0,1768.0,548.0,52229.0,856.0,,2818.0,40164.0,901.0,259.0,277.0,,7757.0,,225.0,,,,178.0,552.0,,2766.0,,,,2125.0,235.0,,249.0,311.0,770.0,,152.0,121.0,176.0,1645.0,,,6120.0,435.0,774.0,493.0,415.0,1357.0,2304.0,,,990.0,194.0,,683.0,167.0,174.0,,903.0,74797.0,,,550.0,15900.0,,1593.0,,,7089.0,54703.0,186.0,1095.0,271.0,286.0,129.0,111.0,177.0,,541592.0,
2020-04-18,,283.0,846.0,191.0,666.0,402.0,3808.0,9704.0,528.0,725.0,,342.0,7961.0,,320.0,14026.0,112.0,141.0,294.0,,164.0,10545.0,3621.0,77718.0,634.0,,193.0,600.0,192.0,,1174.0,3571.0,644.0,,268.0,838.0,646.0,,145.0,1700.0,34420.0,,,83114.0,,105.0,269.0,,,,207.0,1224.0,2041.0,607.0,54064.0,906.0,,3126.0,42727.0,935.0,265.0,347.0,,7829.0,,258.0,114.0,,,210.0,579.0,,2967.0,,,108.0,2125.0,276.0,,281.0,315.0,816.0,110.0,159.0,139.0,176.0,1765.0,,,6541.0,487.0,866.0,519.0,464.0,1508.0,2590.0,,,1049.0,198.0,534.0,708.0,175.0,174.0,,903.0,74797.0,,,550.0,16400.0,,1689.0,,,8631.0,58545.0,246.0,1188.0,289.0,294.0,156.0,111.0,198.0,,567765.0,,283.0,846.0,191.0,666.0,402.0,3808.0,9704.0,528.0,725.0,,342.0,7961.0,,320.0,14026.0,112.0,141.0,294.0,,164.0,10545.0,3621.0,77718.0,634.0,,193.0,600.0,192.0,,1174.0,3571.0,644.0,,268.0,838.0,646.0,,145.0,1700.0,34420.0,,,83114.0,,105.0,269.0,,,,207.0,1224.0,2041.0,607.0,54064.0,906.0,,3126.0,42727.0,935.0,265.0,347.0,,7829.0,,258.0,114.0,,,210.0,579.0,,2967.0,,,108.0,2125.0,276.0,,281.0,315.0,816.0,110.0,159.0,139.0,176.0,1765.0,,,6541.0,487.0,866.0,519.0,464.0,1508.0,2590.0,,,1049.0,198.0,534.0,708.0,175.0,174.0,,903.0,74797.0,,,550.0,16400.0,,1689.0,,,8631.0,58545.0,246.0,1188.0,289.0,294.0,156.0,111.0,198.0,,567765.0,
2020-04-19,112.0,302.0,894.0,205.0,685.0,523.0,4124.0,10214.0,590.0,755.0,,342.0,8348.0,,338.0,14026.0,113.0,153.0,321.0,103.0,177.0,10964.0,4035.0,77792.0,634.0,,239.0,615.0,227.0,,1227.0,4031.0,644.0,,312.0,1008.0,701.0,,162.0,1700.0,35983.0,,,85400.0,,111.0,269.0,,,,231.0,1291.0,2463.0,631.0,55987.0,953.0,,3456.0,44927.0,1069.0,269.0,377.0,,7937.0,,280.0,130.0,,,228.0,601.0,,3102.0,,,180.0,2125.0,391.0,,314.0,317.0,867.0,113.0,166.0,164.0,176.0,1832.0,122.0,,6684.0,516.0,981.0,610.0,510.0,1730.0,3057.0,,,1329.0,211.0,637.0,740.0,213.0,190.0,,903.0,74797.0,,,550.0,17100.0,,1787.0,,,10453.0,64840.0,275.0,1188.0,303.0,298.0,194.0,113.0,201.0,,591719.0,,302.0,894.0,205.0,685.0,523.0,4124.0,10214.0,590.0,755.0,,342.0,8348.0,,338.0,14026.0,113.0,153.0,321.0,103.0,177.0,10964.0,4035.0,77792.0,634.0,,239.0,615.0,227.0,,1227.0,4031.0,644.0,,312.0,1008.0,701.0,,162.0,1700.0,35983.0,,,85400.0,,111.0,269.0,,,,231.0,1291.0,2463.0,631.0,55987.0,953.0,,3456.0,44927.0,1069.0,269.0,377.0,,7937.0,,280.0,130.0,,,228.0,601.0,,3102.0,,,180.0,2125.0,391.0,,314.0,317.0,867.0,113.0,166.0,164.0,176.0,1832.0,122.0,,6684.0,516.0,981.0,610.0,510.0,1730.0,3057.0,,,1329.0,211.0,637.0,740.0,213.0,190.0,,903.0,74797.0,,,550.0,17100.0,,1787.0,,,10453.0,64840.0,275.0,1188.0,303.0,298.0,194.0,113.0,201.0,,591719.0,
2020-04-20,131.0,314.0,1047.0,235.0,709.0,545.0,4124.0,10501.0,712.0,759.0,,494.0,8757.0,,347.0,22130.0,115.0,161.0,338.0,105.0,305.0,11847.0,4338.0,77879.0,711.0,112.0,260.0,709.0,255.0,,1298.0,4328.0,644.0,102.0,363.0,1061.0,732.0,,164.0,1700.0,36578.0,,,88000.0,,120.0,269.0,,,,250.0,1291.0,2854.0,686.0,57023.0,1009.0,,3754.0,47055.0,1159.0,276.0,400.0,,8042.0,102.0,305.0,133.0,,102.0,242.0,627.0,,3197.0,,118.0,208.0,2627.0,457.0,,327.0,322.0,912.0,117.0,170.0,179.0,233.0,1868.0,140.0,,6811.0,572.0,1040.0,610.0,518.0,1892.0,3291.0,,,1398.0,220.0,753.0,768.0,229.0,192.0,,903.0,77357.0,,,550.0,17800.0,,1928.0,,,11976.0,70337.0,347.0,1286.0,316.0,298.0,225.0,117.0,202.0,,623307.0,,314.0,1047.0,235.0,709.0,545.0,4124.0,10501.0,712.0,759.0,,494.0,8757.0,,347.0,22130.0,115.0,161.0,338.0,105.0,305.0,11847.0,4338.0,77879.0,711.0,112.0,260.0,709.0,255.0,,1298.0,4328.0,644.0,102.0,363.0,1061.0,732.0,,164.0,1700.0,36578.0,,,88000.0,,120.0,269.0,,,,250.0,1291.0,2854.0,686.0,57023.0,1009.0,,3754.0,47055.0,1159.0,276.0,400.0,,8042.0,102.0,305.0,133.0,,102.0,242.0,627.0,,3197.0,,118.0,208.0,2627.0,457.0,,327.0,322.0,912.0,117.0,170.0,179.0,233.0,1868.0,140.0,,6811.0,572.0,1040.0,610.0,518.0,1892.0,3291.0,,,1398.0,220.0,753.0,768.0,229.0,192.0,,903.0,77357.0,,,550.0,17800.0,,1928.0,,,11976.0,70337.0,347.0,1286.0,316.0,298.0,225.0,117.0,202.0,,623307.0,
2020-04-21,135.0,327.0,1099.0,248.0,737.0,580.0,4291.0,10631.0,791.0,769.0,,514.0,8895.0,,381.0,22130.0,116.0,167.0,357.0,107.0,305.0,12543.0,4676.0,77948.0,804.0,124.0,260.0,771.0,285.0,,1559.0,4499.0,644.0,102.0,416.0,1150.0,821.0,,165.0,2000.0,37409.0,,,91500.0,,120.0,269.0,,122.0,,267.0,1362.0,3273.0,747.0,59273.0,1043.0,,4049.0,48877.0,1159.0,282.0,447.0,,8114.0,123.0,367.0,201.0,,103.0,242.0,637.0,,3295.0,,126.0,224.0,2627.0,457.0,,350.0,322.0,974.0,117.0,188.0,200.0,238.0,1970.0,165.0,,6968.0,613.0,1133.0,610.0,555.0,2017.0,3446.0,,,1490.0,235.0,870.0,801.0,251.0,193.0,,1055.0,80587.0,,,550.0,18600.0,,1999.0,,148.0,13430.0,72329.0,359.0,1360.0,326.0,313.0,261.0,117.0,214.0,,645308.0,,327.0,1099.0,248.0,737.0,580.0,4291.0,10631.0,791.0,769.0,,514.0,8895.0,,381.0,22130.0,116.0,167.0,357.0,107.0,305.0,12543.0,4676.0,77948.0,804.0,124.0,260.0,771.0,285.0,,1559.0,4499.0,644.0,102.0,416.0,1150.0,821.0,,165.0,2000.0,37409.0,,,91500.0,,120.0,269.0,,122.0,,267.0,1362.0,3273.0,747.0,59273.0,1043.0,,4049.0,48877.0,1159.0,282.0,447.0,,8114.0,123.0,367.0,201.0,,103.0,242.0,637.0,,3295.0,,126.0,224.0,2627.0,457.0,,350.0,322.0,974.0,117.0,188.0,200.0,238.0,1970.0,165.0,,6968.0,613.0,1133.0,610.0,555.0,2017.0,3446.0,,,1490.0,235.0,870.0,801.0,251.0,193.0,,1055.0,80587.0,,,550.0,18600.0,,1999.0,,148.0,13430.0,72329.0,359.0,1360.0,326.0,313.0,261.0,117.0,214.0,,645308.0,
2020-04-22,150.0,345.0,1152.0,282.0,840.0,609.0,4695.0,10971.0,865.0,784.0,,577.0,9002.0,,437.0,22991.0,116.0,170.0,362.0,110.0,329.0,13188.0,4969.0,78016.0,804.0,150.0,303.0,801.0,309.0,,1753.0,4889.0,644.0,112.0,463.0,1207.0,870.0,,169.0,2000.0,39181.0,,,95200.0,,120.0,577.0,,127.0,,287.0,1417.0,3975.0,842.0,60965.0,1096.0,9233.0,4507.0,51600.0,1239.0,297.0,489.0,,8213.0,128.0,412.0,216.0,133.0,108.0,298.0,670.0,,3349.0,,150.0,243.0,2627.0,505.0,101.0,393.0,74.0,1006.0,127.0,188.0,224.0,238.0,2073.0,204.0,,6982.0,654.0,1297.0,917.0,614.0,2153.0,3873.0,,,1640.0,242.0,977.0,839.0,258.0,197.0,,1055.0,82514.0,102.0,,550.0,19400.0,,2108.0,,148.0,14918.0,75204.0,367.0,1443.0,518.0,324.0,357.0,117.0,216.0,,679905.0,,345.0,1152.0,282.0,840.0,609.0,4695.0,10971.0,865.0,784.0,,577.0,9002.0,,437.0,22991.0,116.0,170.0,362.0,110.0,329.0,13188.0,4969.0,78016.0,804.0,150.0,303.0,801.0,309.0,,1753.0,4889.0,644.0,112.0,463.0,1207.0,870.0,,169.0,2000.0,39181.0,,,95200.0,,120.0,577.0,,127.0,,287.0,1417.0,3975.0,842.0,60965.0,1096.0,9233.0,4507.0,51600.0,1239.0,297.0,489.0,,8213.0,128.0,412.0,216.0,133.0,108.0,298.0,670.0,,3349.0,,150.0,243.0,2627.0,505.0,101.0,393.0,74.0,1006.0,127.0,188.0,224.0,238.0,2073.0,204.0,,6982.0,654.0,1297.0,917.0,614.0,2153.0,3873.0,,,1640.0,242.0,977.0,839.0,258.0,197.0,,1055.0,82514.0,102.0,,550.0,19400.0,,2108.0,,148.0,14918.0,75204.0,367.0,1443.0,518.0,324.0,357.0,117.0,216.0,,679905.0,
2020-04-23,166.0,356.0,1204.0,309.0,872.0,633.0,4932.0,11328.0,907.0,1026.0,,769.0,9433.0,,460.0,25318.0,117.0,174.0,389.0,110.0,397.0,14454.0,5386.0,78097.0,870.0,180.0,310.0,869.0,341.0,,1989.0,5276.0,644.0,183.0,581.0,1262.0,935.0,,184.0,2000.0,40657.0,,107.0,99400.0,,127.0,577.0,,164.0,,295.0,1462.0,4370.0,913.0,63113.0,1146.0,9233.0,5215.0,54543.0,1356.0,315.0,515.0,,8277.0,138.0,443.0,254.0,133.0,113.0,357.0,711.0,,3452.0,,165.0,261.0,2627.0,560.0,116.0,417.0,101.0,1036.0,193.0,197.0,272.0,238.0,2156.0,231.0,,7027.0,693.0,1513.0,1143.0,689.0,2406.0,4420.0,,,1812.0,253.0,1025.0,896.0,284.0,205.0,,1055.0,85915.0,105.0,,550.0,19900.0,,2352.0,,190.0,16477.0,77366.0,424.0,1546.0,556.0,337.0,450.0,122.0,223.0,,710046.0,,356.0,1204.0,309.0,872.0,633.0,4932.0,11328.0,907.0,1026.0,,769.0,9433.0,,460.0,25318.0,117.0,174.0,389.0,110.0,397.0,14454.0,5386.0,78097.0,870.0,180.0,310.0,869.0,341.0,,1989.0,5276.0,644.0,183.0,581.0,1262.0,935.0,,184.0,2000.0,40657.0,,107.0,99400.0,,127.0,577.0,,164.0,,295.0,1462.0,4370.0,913.0,63113.0,1146.0,9233.0,5215.0,54543.0,1356.0,315.0,515.0,,8277.0,138.0,443.0,254.0,133.0,113.0,357.0,711.0,,3452.0,,165.0,261.0,2627.0,560.0,116.0,417.0,101.0,1036.0,193.0,197.0,272.0,238.0,2156.0,231.0,,7027.0,693.0,1513.0,1143.0,689.0,2406.0,4420.0,,,1812.0,253.0,1025.0,896.0,284.0,205.0,,1055.0,85915.0,105.0,,550.0,19900.0,,2352.0,,190.0,16477.0,77366.0,424.0,1546.0,556.0,337.0,450.0,122.0,223.0,,710046.0,
2020-04-24,179.0,385.0,1355.0,333.0,919.0,659.0,5047.0,11694.0,948.0,1082.0,108.0,938.0,9800.0,,485.0,26573.0,119.0,190.0,410.0,110.0,668.0,14761.0,5804.0,78236.0,927.0,196.0,359.0,883.0,365.0,,2152.0,5573.0,645.0,252.0,581.0,1328.0,1004.0,,192.0,2000.0,42088.0,,111.0,103300.0,,129.0,577.0,,170.0,,390.0,1509.0,5012.0,960.0,64843.0,1171.0,9233.0,5611.0,57576.0,1494.0,318.0,560.0,,8501.0,159.0,498.0,302.0,133.0,140.0,399.0,728.0,,3542.0,,204.0,266.0,2627.0,661.0,123.0,456.0,101.0,1095.0,256.0,197.0,301.0,307.0,2527.0,271.0,,7422.0,722.0,1740.0,1201.0,750.0,2478.0,4891.0,,,1925.0,257.0,1067.0,924.0,288.0,211.0,,1473.0,89250.0,107.0,,550.0,20600.0,,2430.0,,190.0,18491.0,80203.0,504.0,1637.0,583.0,354.0,561.0,126.0,224.0,,738980.0,,385.0,1355.0,333.0,919.0,659.0,5047.0,11694.0,948.0,1082.0,108.0,938.0,9800.0,,485.0,26573.0,119.0,190.0,410.0,110.0,668.0,14761.0,5804.0,78236.0,927.0,196.0,359.0,883.0,365.0,,2152.0,5573.0,645.0,252.0,581.0,1328.0,1004.0,,192.0,2000.0,42088.0,,111.0,103300.0,,129.0,577.0,,170.0,,390.0,1509.0,5012.0,960.0,64843.0,1171.0,9233.0,5611.0,57576.0,1494.0,318.0,560.0,,8501.0,159.0,498.0,302.0,133.0,140.0,399.0,728.0,,3542.0,,204.0,266.0,2627.0,661.0,123.0,456.0,101.0,1095.0,256.0,197.0,301.0,307.0,2527.0,271.0,,7422.0,722.0,1740.0,1201.0,750.0,2478.0,4891.0,,,1925.0,257.0,1067.0,924.0,288.0,211.0,,1473.0,89250.0,107.0,,550.0,20600.0,,2430.0,,190.0,18491.0,80203.0,504.0,1637.0,583.0,354.0,561.0,126.0,224.0,,738980.0,
2020-04-25,188.0,394.0,1408.0,344.0,976.0,728.0,5136.0,11872.0,1013.0,1113.0,112.0,1120.0,10122.0,,538.0,27655.0,120.0,197.0,425.0,117.0,668.0,15149.0,6327.0,78373.0,1003.0,216.0,419.0,982.0,416.0,,2371.0,5715.0,645.0,330.0,763.0,1366.0,1075.0,,206.0,2500.0,43493.0,,132.0,109800.0,134.0,131.0,577.0,,191.0,,458.0,1542.0,5498.0,1002.0,66599.0,1204.0,9233.0,6003.0,60498.0,1530.0,326.0,604.0,,8635.0,162.0,613.0,345.0,267.0,140.0,430.0,3007.0,,3663.0,,223.0,285.0,2627.0,755.0,123.0,486.0,102.0,1118.0,289.0,208.0,337.0,325.0,2755.0,319.0,,7496.0,762.0,1944.0,1228.0,809.0,2817.0,5568.0,,,2049.0,262.0,1094.0,956.0,355.0,211.0,,1473.0,92355.0,109.0,,1005.0,21000.0,,2547.0,,194.0,21737.0,99079.0,782.0,1760.0,593.0,369.0,621.0,132.0,220.0,,789585.0,,394.0,1408.0,344.0,976.0,728.0,5136.0,11872.0,1013.0,1113.0,112.0,1120.0,10122.0,,538.0,27655.0,120.0,197.0,425.0,117.0,668.0,15149.0,6327.0,78373.0,1003.0,216.0,419.0,982.0,416.0,,2371.0,5715.0,645.0,330.0,763.0,1366.0,1075.0,,206.0,2500.0,43493.0,,132.0,109800.0,134.0,131.0,577.0,,191.0,,458.0,1542.0,5498.0,1002.0,66599.0,1204.0,9233.0,6003.0,60498.0,1530.0,326.0,604.0,,8635.0,162.0,613.0,345.0,267.0,140.0,430.0,3007.0,,3663.0,,223.0,285.0,2627.0,755.0,123.0,486.0,102.0,1118.0,289.0,208.0,337.0,325.0,2755.0,319.0,,7496.0,762.0,1944.0,1228.0,809.0,2817.0,5568.0,,,2049.0,262.0,1094.0,956.0,355.0,211.0,,1473.0,92355.0,109.0,,1005.0,21000.0,,2547.0,,194.0,21737.0,99079.0,782.0,1760.0,593.0,369.0,621.0,132.0,220.0,,789585.0,
2020-04-26,188.0,403.0,1479.0,344.0,1030.0,803.0,5376.0,12103.0,1080.0,1160.0,113.0,1573.0,10417.0,,592.0,29160.0,121.0,197.0,442.0,117.0,697.0,16013.0,6746.0,78450.0,1067.0,242.0,419.0,1034.0,437.0,148.0,2453.0,5858.0,645.0,373.0,822.0,1366.0,1114.0,,228.0,2500.0,44594.0,,139.0,109800.0,134.0,131.0,577.0,,208.0,,458.0,1570.0,5939.0,1042.0,68193.0,1224.0,9233.0,6435.0,63120.0,1656.0,332.0,646.0,,8717.0,165.0,656.0,345.0,267.0,143.0,460.0,3088.0,,3762.0,,249.0,295.0,7149.0,825.0,153.0,537.0,102.0,1142.0,325.0,222.0,374.0,329.0,2866.0,338.0,,7797.0,792.0,2126.0,1277.0,929.0,2890.0,6250.0,,,2215.0,276.0,1152.0,1002.0,386.0,219.0,,1473.0,95708.0,118.0,,1005.0,21300.0,,2547.0,,207.0,25582.0,100372.0,782.0,1887.0,643.0,370.0,707.0,132.0,225.0,,817405.0,,403.0,1479.0,344.0,1030.0,803.0,5376.0,12103.0,1080.0,1160.0,113.0,1573.0,10417.0,,592.0,29160.0,121.0,197.0,442.0,117.0,697.0,16013.0,6746.0,78450.0,1067.0,242.0,419.0,1034.0,437.0,148.0,2453.0,5858.0,645.0,373.0,822.0,1366.0,1114.0,,228.0,2500.0,44594.0,,139.0,109800.0,134.0,131.0,577.0,,208.0,,458.0,1570.0,5939.0,1042.0,68193.0,1224.0,9233.0,6435.0,63120.0,1656.0,332.0,646.0,,8717.0,165.0,656.0,345.0,267.0,143.0,460.0,3088.0,,3762.0,,249.0,295.0,7149.0,825.0,153.0,537.0,102.0,1142.0,325.0,222.0,374.0,329.0,2866.0,338.0,,7797.0,792.0,2126.0,1277.0,929.0,2890.0,6250.0,,,2215.0,276.0,1152.0,1002.0,386.0,219.0,,1473.0,95708.0,118.0,,1005.0,21300.0,,2547.0,,207.0,25582.0,100372.0,782.0,1887.0,643.0,370.0,707.0,132.0,225.0,,817405.0,
2020-04-27,207.0,410.0,1508.0,344.0,1107.0,833.0,5541.0,12282.0,1139.0,1189.0,122.0,1695.0,10785.0,,624.0,30152.0,123.0,205.0,453.0,117.0,786.0,16883.0,7024.0,78558.0,1133.0,264.0,468.0,1103.0,501.0,148.0,2545.0,5994.0,645.0,411.0,910.0,1366.0,1176.0,,233.0,2500.0,44903.0,,149.0,112000.0,155.0,131.0,577.0,,208.0,,485.0,1608.0,6523.0,1107.0,69657.0,1263.0,9233.0,6731.0,64928.0,1809.0,337.0,682.0,106.0,8764.0,166.0,806.0,370.0,267.0,145.0,467.0,3104.0,,3862.0,112.0,282.0,299.0,8354.0,895.0,153.0,593.0,117.0,1180.0,350.0,239.0,500.0,333.0,2936.0,338.0,,8088.0,862.0,2265.0,1329.0,1012.0,3054.0,6767.0,,,2357.0,283.0,1182.0,1060.0,394.0,221.0,,1473.0,98372.0,120.0,,1005.0,21800.0,,2594.0,,216.0,29140.0,106988.0,840.0,1978.0,647.0,375.0,789.0,137.0,225.0,,845985.0,,410.0,1508.0,344.0,1107.0,833.0,5541.0,12282.0,1139.0,1189.0,122.0,1695.0,10785.0,,624.0,30152.0,123.0,205.0,453.0,117.0,786.0,16883.0,7024.0,78558.0,1133.0,264.0,468.0,1103.0,501.0,148.0,2545.0,5994.0,645.0,411.0,910.0,1366.0,1176.0,,233.0,2500.0,44903.0,,149.0,112000.0,155.0,131.0,577.0,,208.0,,485.0,1608.0,6523.0,1107.0,69657.0,1263.0,9233.0,6731.0,64928.0,1809.0,337.0,682.0,106.0,8764.0,166.0,806.0,370.0,267.0,145.0,467.0,3104.0,,3862.0,112.0,282.0,299.0,8354.0,895.0,153.0,593.0,117.0,1180.0,350.0,239.0,500.0,333.0,2936.0,338.0,,8088.0,862.0,2265.0,1329.0,1012.0,3054.0,6767.0,,,2357.0,283.0,1182.0,1060.0,394.0,221.0,,1473.0,98372.0,120.0,,1005.0,21800.0,,2594.0,,216.0,29140.0,106988.0,840.0,1978.0,647.0,375.0,789.0,137.0,225.0,,845985.0,
2020-04-28,220.0,422.0,1558.0,385.0,1140.0,848.0,5588.0,12362.0,1162.0,1218.0,131.0,1740.0,10878.0,,659.0,31142.0,124.0,206.0,469.0,119.0,805.0,18268.0,7327.0,78664.0,1210.0,287.0,499.0,1166.0,525.0,148.0,2826.0,6148.0,645.0,477.0,993.0,1557.0,1236.0,,233.0,2500.0,45513.0,,156.0,114500.0,155.0,131.0,577.0,,246.0,,498.0,1624.0,7137.0,1151.0,70933.0,1286.0,9233.0,7200.0,66624.0,1899.0,342.0,720.0,114.0,8854.0,201.0,1012.0,395.0,267.0,145.0,474.0,3123.0,,3957.0,113.0,286.0,302.0,9086.0,925.0,189.0,695.0,117.0,1214.0,385.0,255.0,553.0,364.0,3029.0,455.0,,8425.0,932.0,2466.0,1357.0,1066.0,3141.0,7346.0,,,2531.0,284.0,1209.0,1095.0,403.0,221.0,,1473.0,100875.0,126.0,,1005.0,22200.0,,2609.0,,279.0,33791.0,111424.0,864.0,2090.0,676.0,386.0,892.0,142.0,225.0,,873677.0,,422.0,1558.0,385.0,1140.0,848.0,5588.0,12362.0,1162.0,1218.0,131.0,1740.0,10878.0,,659.0,31142.0,124.0,206.0,469.0,119.0,805.0,18268.0,7327.0,78664.0,1210.0,287.0,499.0,1166.0,525.0,148.0,2826.0,6148.0,645.0,477.0,993.0,1557.0,1236.0,,233.0,2500.0,45513.0,,156.0,114500.0,155.0,131.0,577.0,,246.0,,498.0,1624.0,7137.0,1151.0,70933.0,1286.0,9233.0,7200.0,66624.0,1899.0,342.0,720.0,114.0,8854.0,201.0,1012.0,395.0,267.0,145.0,474.0,3123.0,,3957.0,113.0,286.0,302.0,9086.0,925.0,189.0,695.0,117.0,1214.0,385.0,255.0,553.0,364.0,3029.0,455.0,,8425.0,932.0,2466.0,1357.0,1066.0,3141.0,7346.0,,,2531.0,284.0,1209.0,1095.0,403.0,221.0,,1473.0,100875.0,126.0,,1005.0,22200.0,,2609.0,,279.0,33791.0,111424.0,864.0,2090.0,676.0,386.0,892.0,142.0,225.0,,873677.0,
2020-04-29,228.0,431.0,1651.0,398.0,1162.0,866.0,5665.0,12580.0,1221.0,1310.0,139.0,1993.0,10943.0,110.0,682.0,32544.0,124.0,222.0,476.0,119.0,915.0,19231.0,7710.0,78729.0,1268.0,306.0,525.0,1232.0,575.0,148.0,2948.0,6313.0,645.0,498.0,1165.0,1557.0,1304.0,,240.0,2800.0,46886.0,,168.0,117400.0,188.0,131.0,577.0,,269.0,,516.0,1636.0,7747.0,1254.0,72439.0,1319.0,9233.0,7746.0,68941.0,1899.0,348.0,774.0,124.0,8922.0,232.0,1176.0,416.0,267.0,145.0,536.0,3123.0,,4032.0,122.0,303.0,303.0,11423.0,975.0,199.0,778.0,117.0,1229.0,403.0,255.0,589.0,364.0,3233.0,455.0,102.0,9179.0,975.0,2655.0,1389.0,1134.0,3404.0,8456.0,,,2784.0,296.0,1260.0,1128.0,423.0,223.0,,2073.0,102548.0,134.0,,1005.0,22600.0,,2652.0,,279.0,38809.0,115936.0,992.0,2181.0,682.0,394.0,992.0,142.0,222.0,,906955.0,,431.0,1651.0,398.0,1162.0,866.0,5665.0,12580.0,1221.0,1310.0,139.0,1993.0,10943.0,110.0,682.0,32544.0,124.0,222.0,476.0,119.0,915.0,19231.0,7710.0,78729.0,1268.0,306.0,525.0,1232.0,575.0,148.0,2948.0,6313.0,645.0,498.0,1165.0,1557.0,1304.0,,240.0,2800.0,46886.0,,168.0,117400.0,188.0,131.0,577.0,,269.0,,516.0,1636.0,7747.0,1254.0,72439.0,1319.0,9233.0,7746.0,68941.0,1899.0,348.0,774.0,124.0,8922.0,232.0,1176.0,416.0,267.0,145.0,536.0,3123.0,,4032.0,122.0,303.0,303.0,11423.0,975.0,199.0,778.0,117.0,1229.0,403.0,255.0,589.0,364.0,3233.0,455.0,102.0,9179.0,975.0,2655.0,1389.0,1134.0,3404.0,8456.0,,,2784.0,296.0,1260.0,1128.0,423.0,223.0,,2073.0,102548.0,134.0,,1005.0,22600.0,,2652.0,,279.0,38809.0,115936.0,992.0,2181.0,682.0,394.0,992.0,142.0,222.0,,906955.0,
2020-04-30,252.0,455.0,1702.0,423.0,1192.0,900.0,5715.0,12779.0,1267.0,1455.0,150.0,2072.0,11283.0,117.0,710.0,34132.0,124.0,243.0,498.0,119.0,934.0,20327.0,8057.0,78785.0,1411.0,323.0,557.0,1288.0,617.0,148.0,3108.0,6558.0,645.0,599.0,1228.0,1557.0,1335.0,106.0,236.0,2800.0,48228.0,,178.0,120400.0,188.0,131.0,577.0,,313.0,,536.0,1656.0,8437.0,1391.0,73791.0,1346.0,13386.0,8233.0,71252.0,2368.0,356.0,819.0,129.0,9059.0,249.0,1389.0,437.0,348.0,150.0,563.0,3134.0,,4087.0,129.0,339.0,306.0,11423.0,1114.0,203.0,928.0,119.0,1241.0,435.0,307.0,627.0,364.0,3425.0,527.0,102.0,10037.0,1023.0,3025.0,1470.0,1243.0,3569.0,10286.0,,,2953.0,315.0,1292.0,1188.0,484.0,230.0,,2073.0,108947.0,136.0,,1005.0,22600.0,167.0,2665.0,,294.0,44040.0,120720.0,1103.0,2329.0,726.0,412.0,1096.0,142.0,222.0,,948425.0,,455.0,1702.0,423.0,1192.0,900.0,5715.0,12779.0,1267.0,1455.0,150.0,2072.0,11283.0,117.0,710.0,34132.0,124.0,243.0,498.0,119.0,934.0,20327.0,8057.0,78785.0,1411.0,323.0,557.0,1288.0,617.0,148.0,3108.0,6558.0,645.0,599.0,1228.0,1557.0,1335.0,106.0,236.0,2800.0,48228.0,,178.0,120400.0,188.0,131.0,577.0,,313.0,,536.0,1656.0,8437.0,1391.0,73791.0,1346.0,13386.0,8233.0,71252.0,2368.0,356.0,819.0,129.0,9059.0,249.0,1389.0,437.0,348.0,150.0,563.0,3134.0,,4087.0,129.0,339.0,306.0,11423.0,1114.0,203.0,928.0,119.0,1241.0,435.0,307.0,627.0,364.0,3425.0,527.0,102.0,10037.0,1023.0,3025.0,1470.0,1243.0,3569.0,10286.0,,,2953.0,315.0,1292.0,1188.0,484.0,230.0,,2073.0,108947.0,136.0,,1005.0,22600.0,167.0,2665.0,,294.0,44040.0,120720.0,1103.0,2329.0,726.0,412.0,1096.0,142.0,222.0,,948425.0,
2020-05-01,260.0,470.0,1779.0,468.0,1256.0,929.0,5742.0,12907.0,1325.0,1500.0,160.0,2386.0,11576.0,132.0,727.0,35935.0,124.0,266.0,506.0,119.0,934.0,21424.0,8580.0,78845.0,1439.0,338.0,574.0,1348.0,681.0,296.0,3314.0,6741.0,645.0,642.0,1301.0,1558.0,1381.0,119.0,249.0,3000.0,49476.0,,184.0,123500.0,212.0,131.0,1374.0,,329.0,,581.0,1670.0,9068.0,1522.0,75103.0,1375.0,13386.0,8561.0,75945.0,2460.0,362.0,866.0,144.0,9072.0,271.0,1539.0,462.0,348.0,150.0,589.0,3213.0,,4171.0,135.0,351.0,310.0,11423.0,1182.0,214.0,984.0,125.0,1252.0,452.0,319.0,738.0,495.0,4315.0,576.0,113.0,10405.0,1043.0,3236.0,1519.0,1372.0,4017.0,11619.0,104.0,,3163.0,334.0,1343.0,1244.0,524.0,233.0,,2073.0,112050.0,154.0,,1005.0,23400.0,167.0,2684.0,,305.0,48886.0,153947.0,1238.0,2429.0,728.0,417.0,1133.0,142.0,219.0,,1013886.0,,470.0,1779.0,468.0,1256.0,929.0,5742.0,12907.0,1325.0,1500.0,160.0,2386.0,11576.0,132.0,727.0,35935.0,124.0,266.0,506.0,119.0,934.0,21424.0,8580.0,78845.0,1439.0,338.0,574.0,1348.0,681.0,296.0,3314.0,6741.0,645.0,642.0,1301.0,1558.0,1381.0,119.0,249.0,3000.0,49476.0,,184.0,123500.0,212.0,131.0,1374.0,,329.0,,581.0,1670.0,9068.0,1522.0,75103.0,1375.0,13386.0,8561.0,75945.0,2460.0,362.0,866.0,144.0,9072.0,271.0,1539.0,462.0,348.0,150.0,589.0,3213.0,,4171.0,135.0,351.0,310.0,11423.0,1182.0,214.0,984.0,125.0,1252.0,452.0,319.0,738.0,495.0,4315.0,576.0,113.0,10405.0,1043.0,3236.0,1519.0,1372.0,4017.0,11619.0,104.0,,3163.0,334.0,1343.0,1244.0,524.0,233.0,,2073.0,112050.0,154.0,,1005.0,23400.0,167.0,2684.0,,305.0,48886.0,153947.0,1238.0,2429.0,728.0,417.0,1133.0,142.0,219.0,,1013886.0,
2020-05-02,310.0,488.0,1821.0,468.0,1292.0,977.0,5775.0,13110.0,1365.0,1555.0,174.0,2918.0,11892.0,134.0,755.0,38039.0,124.0,276.0,517.0,120.0,934.0,22764.0,9018.0,78897.0,1551.0,355.0,597.0,1421.0,714.0,296.0,3372.0,6924.0,645.0,672.0,1387.0,1913.0,1460.0,124.0,253.0,3000.0,50212.0,,207.0,126900.0,212.0,131.0,1374.0,,342.0,112.0,609.0,1689.0,10007.0,1591.0,76318.0,1414.0,13386.0,9156.0,78249.0,2975.0,364.0,922.0,150.0,9123.0,271.0,1602.0,504.0,348.0,192.0,594.0,3213.0,,4210.0,196.0,383.0,312.0,12377.0,1272.0,233.0,1083.0,138.0,1263.0,478.0,351.0,807.0,495.0,4715.0,622.0,115.0,11129.0,1084.0,3491.0,1647.0,1436.0,4328.0,13220.0,109.0,,3555.0,356.0,1343.0,1268.0,558.0,233.0,,2382.0,112050.0,162.0,,1005.0,23900.0,167.0,2719.0,,316.0,53808.0,164015.0,1413.0,2543.0,761.0,435.0,1212.0,148.0,219.0,,1052415.0,,488.0,1821.0,468.0,1292.0,977.0,5775.0,13110.0,1365.0,1555.0,174.0,2918.0,11892.0,134.0,755.0,38039.0,124.0,276.0,517.0,120.0,934.0,22764.0,9018.0,78897.0,1551.0,355.0,597.0,1421.0,714.0,296.0,3372.0,6924.0,645.0,672.0,1387.0,1913.0,1460.0,124.0,253.0,3000.0,50212.0,,207.0,126900.0,212.0,131.0,1374.0,,342.0,112.0,609.0,1689.0,10007.0,1591.0,76318.0,1414.0,13386.0,9156.0,78249.0,2975.0,364.0,922.0,150.0,9123.0,271.0,1602.0,504.0,348.0,192.0,594.0,3213.0,,4210.0,196.0,383.0,312.0,12377.0,1272.0,233.0,1083.0,138.0,1263.0,478.0,351.0,807.0,495.0,4715.0,622.0,115.0,11129.0,1084.0,3491.0,1647.0,1436.0,4328.0,13220.0,109.0,,3555.0,356.0,1343.0,1268.0,558.0,233.0,,2382.0,112050.0,162.0,,1005.0,23900.0,167.0,2719.0,,316.0,53808.0,164015.0,1413.0,2543.0,761.0,435.0,1212.0,148.0,219.0,,1052415.0,
2020-05-03,331.0,519.0,1872.0,472.0,1320.0,1010.0,5814.0,13180.0,1411.0,1568.0,177.0,3117.0,12211.0,159.0,779.0,40937.0,126.0,287.0,535.0,120.0,953.0,23814.0,9572.0,78910.0,1666.0,372.0,622.0,1463.0,765.0,296.0,3461.0,7084.0,645.0,686.0,1481.0,2132.0,1522.0,141.0,256.0,3000.0,50663.0,,207.0,129000.0,229.0,132.0,1374.0,,405.0,116.0,625.0,1706.0,10819.0,1665.0,77350.0,1473.0,13386.0,9593.0,79914.0,3205.0,367.0,985.0,152.0,9183.0,336.0,1703.0,527.0,348.0,197.0,632.0,3318.0,,4326.0,206.0,379.0,314.0,12377.0,1334.0,245.0,1256.0,138.0,1266.0,507.0,351.0,852.0,750.0,4817.0,641.0,119.0,12434.0,1124.0,3762.0,1671.0,1534.0,4547.0,15013.0,120.0,,3765.0,368.0,1426.0,1347.0,608.0,239.0,,2549.0,117248.0,172.0,,1005.0,24200.0,167.0,2732.0,,323.0,58259.0,175382.0,1498.0,2664.0,764.0,440.0,1271.0,148.0,219.0,,1093137.0,,519.0,1872.0,472.0,1320.0,1010.0,5814.0,13180.0,1411.0,1568.0,177.0,3117.0,12211.0,159.0,779.0,40937.0,126.0,287.0,535.0,120.0,953.0,23814.0,9572.0,78910.0,1666.0,372.0,622.0,1463.0,765.0,296.0,3461.0,7084.0,645.0,686.0,1481.0,2132.0,1522.0,141.0,256.0,3000.0,50663.0,,207.0,129000.0,229.0,132.0,1374.0,,405.0,116.0,625.0,1706.0,10819.0,1665.0,77350.0,1473.0,13386.0,9593.0,79914.0,3205.0,367.0,985.0,152.0,9183.0,336.0,1703.0,527.0,348.0,197.0,632.0,3318.0,,4326.0,206.0,379.0,314.0,12377.0,1334.0,245.0,1256.0,138.0,1266.0,507.0,351.0,852.0,750.0,4817.0,641.0,119.0,12434.0,1124.0,3762.0,1671.0,1534.0,4547.0,15013.0,120.0,,3765.0,368.0,1426.0,1347.0,608.0,239.0,,2549.0,117248.0,172.0,,1005.0,24200.0,167.0,2732.0,,323.0,58259.0,175382.0,1498.0,2664.0,764.0,440.0,1271.0,148.0,219.0,,1093137.0,
2020-05-04,345.0,531.0,1936.0,493.0,1354.0,1035.0,5849.0,13228.0,1441.0,1718.0,1063.0,3196.0,12309.0,166.0,825.0,42991.0,128.0,308.0,540.0,120.0,953.0,24921.0,10041.0,79016.0,1722.0,386.0,653.0,1489.0,827.0,296.0,3587.0,7183.0,645.0,686.0,1606.0,3300.0,1562.0,154.0,259.0,3000.0,50885.0,,223.0,130600.0,229.0,132.0,1374.0,,405.0,118.0,629.0,1717.0,11775.0,1876.0,78422.0,1490.0,13386.0,9749.0,81654.0,3981.0,367.0,1084.0,167.0,9217.0,381.0,1776.0,564.0,348.0,200.0,635.0,3379.0,,4413.0,213.0,392.0,315.0,13447.0,1382.0,249.0,1438.0,138.0,1276.0,518.0,400.0,945.0,750.0,5114.0,641.0,126.0,13550.0,1214.0,3945.0,1689.0,1664.0,4869.0,16639.0,124.0,,4134.0,372.0,1551.0,1408.0,619.0,241.0,,2549.0,118902.0,184.0,,1005.0,24500.0,167.0,2739.0,,328.0,63151.0,180152.0,1548.0,2763.0,769.0,442.0,1319.0,158.0,219.0,,1125236.0,,531.0,1936.0,493.0,1354.0,1035.0,5849.0,13228.0,1441.0,1718.0,1063.0,3196.0,12309.0,166.0,825.0,42991.0,128.0,308.0,540.0,120.0,953.0,24921.0,10041.0,79016.0,1722.0,386.0,653.0,1489.0,827.0,296.0,3587.0,7183.0,645.0,686.0,1606.0,3300.0,1562.0,154.0,259.0,3000.0,50885.0,,223.0,130600.0,229.0,132.0,1374.0,,405.0,118.0,629.0,1717.0,11775.0,1876.0,78422.0,1490.0,13386.0,9749.0,81654.0,3981.0,367.0,1084.0,167.0,9217.0,381.0,1776.0,564.0,348.0,200.0,635.0,3379.0,,4413.0,213.0,392.0,315.0,13447.0,1382.0,249.0,1438.0,138.0,1276.0,518.0,400.0,945.0,750.0,5114.0,641.0,126.0,13550.0,1214.0,3945.0,1689.0,1664.0,4869.0,16639.0,124.0,,4134.0,372.0,1551.0,1408.0,619.0,241.0,,2549.0,118902.0,184.0,,1005.0,24500.0,167.0,2739.0,,328.0,63151.0,180152.0,1548.0,2763.0,769.0,442.0,1319.0,158.0,219.0,,1125236.0,
2020-05-05,397.0,543.0,1998.0,499.0,1442.0,1071.0,5887.0,13316.0,1480.0,1744.0,1209.0,3259.0,12378.0,174.0,855.0,45815.0,130.0,321.0,545.0,120.0,953.0,26030.0,10415.0,79126.0,1807.0,399.0,693.0,1522.0,876.0,296.0,3807.0,7284.0,645.0,713.0,1771.0,3433.0,1632.0,180.0,259.0,3500.0,51476.0,,223.0,132700.0,294.0,133.0,1374.0,,450.0,122.0,630.0,1723.0,12847.0,1954.0,79379.0,1544.0,13386.0,10064.0,82879.0,4156.0,370.0,1173.0,173.0,9283.0,403.0,1947.0,575.0,348.0,200.0,638.0,3405.0,,4484.0,223.0,399.0,316.0,13447.0,1423.0,253.0,1653.0,138.0,1302.0,534.0,417.0,992.0,816.0,5635.0,641.0,130.0,14427.0,1315.0,4095.0,1712.0,1810.0,5269.0,18095.0,128.0,,4476.0,415.0,1574.0,1457.0,643.0,241.0,,2746.0,121343.0,194.0,,4074.0,25200.0,167.0,2740.0,,406.0,68166.0,187180.0,1619.0,2966.0,777.0,447.0,1405.0,158.0,219.0,102.0,1162724.0,,543.0,1998.0,499.0,1442.0,1071.0,5887.0,13316.0,1480.0,1744.0,1209.0,3259.0,12378.0,174.0,855.0,45815.0,130.0,321.0,545.0,120.0,953.0,26030.0,10415.0,79126.0,1807.0,399.0,693.0,1522.0,876.0,296.0,3807.0,7284.0,645.0,713.0,1771.0,3433.0,1632.0,180.0,259.0,3500.0,51476.0,,223.0,132700.0,294.0,133.0,1374.0,,450.0,122.0,630.0,1723.0,12847.0,1954.0,79379.0,1544.0,13386.0,10064.0,82879.0,4156.0,370.0,1173.0,173.0,9283.0,403.0,1947.0,575.0,348.0,200.0,638.0,3405.0,,4484.0,223.0,399.0,316.0,13447.0,1423.0,253.0,1653.0,138.0,1302.0,534.0,417.0,992.0,816.0,5635.0,641.0,130.0,14427.0,1315.0,4095.0,1712.0,1810.0,5269.0,18095.0,128.0,,4476.0,415.0,1574.0,1457.0,643.0,241.0,,2746.0,121343.0,194.0,,4074.0,25200.0,167.0,2740.0,,406.0,68166.0,187180.0,1619.0,2966.0,777.0,447.0,1405.0,158.0,219.0,102.0,1162724.0,
2020-05-06,421.0,570.0,2067.0,514.0,1472.0,1111.0,5975.0,13462.0,1508.0,1762.0,1403.0,3771.0,12441.0,187.0,911.0,48221.0,131.0,342.0,548.0,120.0,953.0,27006.0,10710.0,79204.0,2013.0,413.0,701.0,1560.0,954.0,296.0,4006.0,7492.0,645.0,745.0,1905.0,3433.0,1730.0,205.0,261.0,3500.0,52842.0,,240.0,135100.0,294.0,133.0,1374.0,,498.0,122.0,709.0,1733.0,14142.0,2197.0,80475.0,1571.0,13386.0,10465.0,85231.0,4496.0,375.0,1279.0,182.0,9333.0,490.0,2032.0,600.0,348.0,206.0,678.0,3412.0,101.0,4567.0,228.0,403.0,319.0,16810.0,1544.0,253.0,1838.0,139.0,1316.0,543.0,481.0,1013.0,858.0,5801.0,823.0,135.0,15413.0,1408.0,4280.0,1743.0,1924.0,5454.0,19865.0,129.0,,5431.0,470.0,1723.0,1519.0,741.0,244.0,,2746.0,123486.0,213.0,,4074.0,25400.0,167.0,2747.0,103.0,482.0,73285.0,189791.0,1875.0,3153.0,793.0,468.0,1501.0,158.0,232.0,127.0,1198832.0,,570.0,2067.0,514.0,1472.0,1111.0,5975.0,13462.0,1508.0,1762.0,1403.0,3771.0,12441.0,187.0,911.0,48221.0,131.0,342.0,548.0,120.0,953.0,27006.0,10710.0,79204.0,2013.0,413.0,701.0,1560.0,954.0,296.0,4006.0,7492.0,645.0,745.0,1905.0,3433.0,1730.0,205.0,261.0,3500.0,52842.0,,240.0,135100.0,294.0,133.0,1374.0,,498.0,122.0,709.0,1733.0,14142.0,2197.0,80475.0,1571.0,13386.0,10465.0,85231.0,4496.0,375.0,1279.0,182.0,9333.0,490.0,2032.0,600.0,348.0,206.0,678.0,3412.0,101.0,4567.0,228.0,403.0,319.0,16810.0,1544.0,253.0,1838.0,139.0,1316.0,543.0,481.0,1013.0,858.0,5801.0,823.0,135.0,15413.0,1408.0,4280.0,1743.0,1924.0,5454.0,19865.0,129.0,,5431.0,470.0,1723.0,1519.0,741.0,244.0,,2746.0,123486.0,213.0,,4074.0,25400.0,167.0,2747.0,103.0,482.0,73285.0,189791.0,1875.0,3153.0,793.0,468.0,1501.0,158.0,232.0,127.0,1198832.0,
2020-05-07,458.0,595.0,2197.0,521.0,1524.0,1135.0,6031.0,13639.0,1536.0,1860.0,1403.0,4388.0,12731.0,198.0,928.0,51370.0,131.0,360.0,555.0,120.0,1000.0,28184.0,11189.0,79268.0,2148.0,428.0,721.0,1601.0,1001.0,296.0,4205.0,7689.0,645.0,755.0,1960.0,3433.0,1815.0,219.0,264.0,3500.0,54079.0,,269.0,139900.0,294.0,136.0,1374.0,,597.0,132.0,759.0,1750.0,15331.0,2317.0,81587.0,1602.0,17110.0,10637.0,93245.0,4496.0,377.0,1408.0,190.0,9419.0,490.0,2219.0,614.0,464.0,206.0,718.0,3452.0,101.0,4702.0,261.0,407.0,320.0,17781.0,1658.0,261.0,2017.0,146.0,1332.0,561.0,534.0,1057.0,888.0,6464.0,859.0,142.0,17527.0,1506.0,4655.0,2076.0,2070.0,5788.0,21327.0,130.0,,6783.0,493.0,1971.0,1634.0,762.0,246.0,,3153.0,126002.0,215.0,,4074.0,25700.0,167.0,2761.0,103.0,591.0,78202.0,189910.0,2097.0,3359.0,798.0,486.0,1577.0,176.0,232.0,174.0,1245413.0,101.0,595.0,2197.0,521.0,1524.0,1135.0,6031.0,13639.0,1536.0,1860.0,1403.0,4388.0,12731.0,198.0,928.0,51370.0,131.0,360.0,555.0,120.0,1000.0,28184.0,11189.0,79268.0,2148.0,428.0,721.0,1601.0,1001.0,296.0,4205.0,7689.0,645.0,755.0,1960.0,3433.0,1815.0,219.0,264.0,3500.0,54079.0,,269.0,139900.0,294.0,136.0,1374.0,,597.0,132.0,759.0,1750.0,15331.0,2317.0,81587.0,1602.0,17110.0,10637.0,93245.0,4496.0,377.0,1408.0,190.0,9419.0,490.0,2219.0,614.0,464.0,206.0,718.0,3452.0,101.0,4702.0,261.0,407.0,320.0,17781.0,1658.0,261.0,2017.0,146.0,1332.0,561.0,534.0,1057.0,888.0,6464.0,859.0,142.0,17527.0,1506.0,4655.0,2076.0,2070.0,5788.0,21327.0,130.0,,6783.0,493.0,1971.0,1634.0,762.0,246.0,,3153.0,126002.0,215.0,,4074.0,25700.0,167.0,2761.0,103.0,591.0,78202.0,189910.0,2097.0,3359.0,798.0,486.0,1577.0,176.0,232.0,174.0,1245413.0,101.0
2020-05-08,468.0,605.0,2323.0,526.0,1601.0,1185.0,6078.0,13698.0,1551.0,2000.0,1910.0,5067.0,12980.0,219.0,954.0,55350.0,131.0,384.0,562.0,120.0,1002.0,29260.0,11664.0,79324.0,2300.0,445.0,742.0,1641.0,1031.0,400.0,4371.0,7907.0,645.0,799.0,2064.0,3433.0,1887.0,252.0,273.0,3500.0,55191.0,110.0,275.0,141700.0,303.0,141.0,1374.0,,629.0,154.0,801.0,1755.0,16776.0,2381.0,82744.0,1626.0,17110.0,10873.0,96276.0,4918.0,381.0,1518.0,197.0,9484.0,562.0,2381.0,637.0,464.0,220.0,739.0,3505.0,101.0,4776.0,271.0,413.0,320.0,17781.0,1747.0,265.0,2179.0,147.0,1347.0,586.0,601.0,1079.0,980.0,6464.0,886.0,148.0,18388.0,1618.0,4862.0,2258.0,2286.0,6144.0,23803.0,133.0,106.0,7798.0,562.0,2160.0,1712.0,806.0,247.0,106.0,3153.0,128511.0,232.0,,4971.0,25900.0,167.0,2772.0,103.0,600.0,82984.0,195036.0,2396.0,3572.0,829.0,492.0,1656.0,185.0,233.0,176.0,1284741.0,103.0,605.0,2323.0,526.0,1601.0,1185.0,6078.0,13698.0,1551.0,2000.0,1910.0,5067.0,12980.0,219.0,954.0,55350.0,131.0,384.0,562.0,120.0,1002.0,29260.0,11664.0,79324.0,2300.0,445.0,742.0,1641.0,1031.0,400.0,4371.0,7907.0,645.0,799.0,2064.0,3433.0,1887.0,252.0,273.0,3500.0,55191.0,110.0,275.0,141700.0,303.0,141.0,1374.0,,629.0,154.0,801.0,1755.0,16776.0,2381.0,82744.0,1626.0,17110.0,10873.0,96276.0,4918.0,381.0,1518.0,197.0,9484.0,562.0,2381.0,637.0,464.0,220.0,739.0,3505.0,101.0,4776.0,271.0,413.0,320.0,17781.0,1747.0,265.0,2179.0,147.0,1347.0,586.0,601.0,1079.0,980.0,6464.0,886.0,148.0,18388.0,1618.0,4862.0,2258.0,2286.0,6144.0,23803.0,133.0,106.0,7798.0,562.0,2160.0,1712.0,806.0,247.0,106.0,3153.0,128511.0,232.0,,4971.0,25900.0,167.0,2772.0,103.0,600.0,82984.0,195036.0,2396.0,3572.0,829.0,492.0,1656.0,185.0,233.0,176.0,1284741.0,103.0
2020-05-09,472,620,2467,537,1659,1218,6122,13836,1576,2028,2101,5484,13201,237,960,59297,132,401,566,120,1002,30239,12160,79348,2424,461,754,1689,1078,400,4413,8125,645,824,2286,3433,1945,257,704,4000,55892,110,288,141700,323,142,1374,101,663,192,865,1765,17887,2494,83837,1661,17110,11229,99023,5146,385,1631,202,9568,562,2466,650,464,223,765,3526,101,4864,285,419,320,20314,1826,267,2324,147,1368,600,679,1099,1025,7530,886,152,19012,1734,5184,2422,2370,6423,26608,136,114,9120,611,2453,2040,905,252,106,3153,131148,240,102,4971,26100,183,2784,103,638,86396,198993,2706,3837,855,506,1775,190,241,228,1322050,111,620,2467,537,1659,1218,6122,13836,1576,2028,2101,5484,13201,237,960,59297,132,401,566,120,1002,30239,12160,79348,2424,461,754,1689,1078,400,4413,8125,645,824,2286,3433,1945,257,704,4000,55892,110,288,141700,323,142,1374,101,663,192,865,1765,17887,2494,83837,1661,17110,11229,99023,5146,385,1631,202,9568,562,2466,650,464,223,765,3526,101,4864,285,419,320,20314,1826,267,2324,147,1368,600,679,1099,1025,7530,886,152,19012,1734,5184,2422,2370,6423,26608,136,114,9120,611,2453,2040,905,252,106,3153,131148,240,102,4971,26100,183,2784,103,638,86396,198993,2706,3837,855,506,1775,190,241,228,1322050,111
2020-05-10,502,627,2546,545,1728,1267,6141,13928,1620,2055,2414,6050,13411,258,1059,61685,132,422,569,120,1232,31262,12667,79488,2569,480,769,1726,1140,401,4447,8291,645,834,2584,3433,2002,276,747,4000,56148,110,297,143300,378,142,1374,104,698,195,904,1773,19301,2607,85064,1702,17110,11376,103031,5906,387,1776,207,9610,622,2622,658,464,234,828,3550,101,4929,298,427,320,21824,1925,274,2461,149,1371,617,745,1112,1068,7809,4501,155,20246,1842,5437,2499,2449,6912,31916,140,126,10144,643,2732,2296,919,255,110,3983,133952,260,119,4971,26400,183,2787,104,660,89480,212534,2909,4295,859,513,1846,190,241,228,1375624,112,627,2546,545,1728,1267,6141,13928,1620,2055,2414,6050,13411,258,1059,61685,132,422,569,120,1232,31262,12667,79488,2569,480,769,1726,1140,401,4447,8291,645,834,2584,3433,2002,276,747,4000,56148,110,297,143300,378,142,1374,104,698,195,904,1773,19301,2607,85064,1702,17110,11376,103031,5906,387,1776,207,9610,622,2622,658,464,234,828,3550,101,4929,298,427,320,21824,1925,274,2461,149,1371,617,745,1112,1068,7809,4501,155,20246,1842,5437,2499,2449,6912,31916,140,126,10144,643,2732,2296,919,255,110,3983,133952,260,119,4971,26400,183,2787,104,660,89480,212534,2909,4295,859,513,1846,190,241,228,1375624,112
