Country,Afghanistan,Albania,Algeria,Andorra,Argentina,Armenia,Australia,Austria,Azerbaijan,Bahamas,Bahrain,Bangladesh,Belarus,Belgium,Bolivia,Herzegovina,Brazil,Bulgaria,Faso,Cameroon,Canada,Chad,Chile,China,Colombia,Rica,Ivoire,Croatia,Cuba,Cyprus,Czechia,Denmark,Princess,Djibouti,Republic,Ecuador,Egypt,Salvador,Guinea,Estonia,Ethiopia,Finland,France,Gabon,Georgia,Germany,Ghana,Greece,Guatemala,Guinea,Bissau,Guyana,Haiti,Honduras,Hungary,Iceland,India,Indonesia,Iran,Iraq,Ireland,Israel,Italy,Jamaica,Japan,Kazakhstan,Kenya,South,Kosovo,Kuwait,Kyrgyzstan,Latvia,Lebanon,Liberia,Lithuania,Luxembourg,Malaysia,Mali,Mauritania,Mauritius,Mexico,Moldova,Morocco,Nepal,Netherlands,Zealand,Nicaragua,Niger,Nigeria,Macedonia,Norway,Oman,Pakistan,Panama,Paraguay,Peru,Philippines,Poland,Portugal,Qatar,Romania,Russia,Marino,Principe,Arabia,Senegal,Serbia,Leone,Singapore,Slovakia,Slovenia,Somalia,Africa,Sudan,Spain,Lanka,Sudan,Sweden,Switzerland,Tajikistan,Tanzania,Thailand,Togo,Tunisia,Turkey,US,Ukraine,Emirates,Kingdom,Uruguay,Uzbekistan,Venezuela,World,Yemen,Zambia,Albania,Algeria,Andorra,Argentina,Armenia,Australia,Austria,Azerbaijan,Bahamas,Bahrain,Bangladesh,Belarus,Belgium,Bolivia,Herzegovina,Brazil,Bulgaria,Faso,Cameroon,Canada,Chad,Chile,China,Colombia,Rica,Ivoire,Croatia,Cuba,Cyprus,Czechia,Denmark,Princess,Djibouti,Republic,Ecuador,Egypt,Salvador,Guinea,Estonia,Ethiopia,Finland,France,Gabon,Georgia,Germany,Ghana,Greece,Guatemala,Guinea,Bissau,Guyana,Haiti,Honduras,Hungary,Iceland,India,Indonesia,Iran,Iraq,Ireland,Israel,Italy,Jamaica,Japan,Kazakhstan,Kenya,South,Kosovo,Kuwait,Kyrgyzstan,Latvia,Lebanon,Liberia,Lithuania,Luxembourg,Malaysia,Mali,Mauritania,Mauritius,Mexico,Moldova,Morocco,Nepal,Netherlands,Zealand,Nicaragua,Niger,Nigeria,Macedonia,Norway,Oman,Pakistan,Panama,Paraguay,Peru,Philippines,Poland,Portugal,Qatar,Romania,Russia,Marino,Principe,Arabia,Senegal,Serbia,Leone,Singapore,Slovakia,Slovenia,Somalia,Africa,Sudan,Spain,Lanka,Sudan,Sweden,Switzerland,Tajikistan,Tanzania,Thailand,Togo,Tunisia,Turkey,US,Ukraine,Emirates,Kingdom,Uruguay,Uzbekistan,Venezuela,World,Yemen,Zambia
2020/1/23,,,,,,,,,,,,,,,,,,,,,,,,17,,,,,,,,,,,,,,,,,,,,,,,,,,,,,,,,,,,,,,,,,,,,,,,,,,,,,,,,,,,,,,,,,,,,,,,,,,,,,,,,,,,,,,,,,,,,,,,,,,,,,,,,,,,,,17,,,,,,,,,,,,,,,,,,,,,,,,,17,,,,,,,,,,,,,,,,,,,,,,,,,,,,,,,,,,,,,,,,,,,,,,,,,,,,,,,,,,,,,,,,,,,,,,,,,,,,,,,,,,,,,,,,,,,,,,,,,,,,,,,,,,,,,17,,
2020/1/24,,,,,,,,,,,,,,,,,,,,,,,,18,,,,,,,,,,,,,,,,,,,,,,,,,,,,,,,,,,,,,,,,,,,,,,,,,,,,,,,,,,,,,,,,,,,,,,,,,,,,,,,,,,,,,,,,,,,,,,,,,,,,,,,,,,,,,18,,,,,,,,,,,,,,,,,,,,,,,,,18,,,,,,,,,,,,,,,,,,,,,,,,,,,,,,,,,,,,,,,,,,,,,,,,,,,,,,,,,,,,,,,,,,,,,,,,,,,,,,,,,,,,,,,,,,,,,,,,,,,,,,,,,,,,,18,,
2020/1/25,,,,,,,,,,,,,,,,,,,,,,,,26,,,,,,,,,,,,,,,,,,,,,,,,,,,,,,,,,,,,,,,,,,,,,,,,,,,,,,,,,,,,,,,,,,,,,,,,,,,,,,,,,,,,,,,,,,,,,,,,,,,,,,,,,,,,,26,,,,,,,,,,,,,,,,,,,,,,,,,26,,,,,,,,,,,,,,,,,,,,,,,,,,,,,,,,,,,,,,,,,,,,,,,,,,,,,,,,,,,,,,,,,,,,,,,,,,,,,,,,,,,,,,,,,,,,,,,,,,,,,,,,,,,,,26,,
2020/1/26,,,,,,,,,,,,,,,,,,,,,,,,42,,,,,,,,,,,,,,,,,,,,,,,,,,,,,,,,,,,,,,,,,,,,,,,,,,,,,,,,,,,,,,,,,,,,,,,,,,,,,,,,,,,,,,,,,,,,,,,,,,,,,,,,,,,,,42,,,,,,,,,,,,,,,,,,,,,,,,,42,,,,,,,,,,,,,,,,,,,,,,,,,,,,,,,,,,,,,,,,,,,,,,,,,,,,,,,,,,,,,,,,,,,,,,,,,,,,,,,,,,,,,,,,,,,,,,,,,,,,,,,,,,,,,42,,
2020/1/27,,,,,,,,,,,,,,,,,,,,,,,,56,,,,,,,,,,,,,,,,,,,,,,,,,,,,,,,,,,,,,,,,,,,,,,,,,,,,,,,,,,,,,,,,,,,,,,,,,,,,,,,,,,,,,,,,,,,,,,,,,,,,,,,,,,,,,56,,,,,,,,,,,,,,,,,,,,,,,,,56,,,,,,,,,,,,,,,,,,,,,,,,,,,,,,,,,,,,,,,,,,,,,,,,,,,,,,,,,,,,,,,,,,,,,,,,,,,,,,,,,,,,,,,,,,,,,,,,,,,,,,,,,,,,,56,,
2020/1/28,,,,,,,,,,,,,,,,,,,,,,,,82,,,,,,,,,,,,,,,,,,,,,,,,,,,,,,,,,,,,,,,,,,,,,,,,,,,,,,,,,,,,,,,,,,,,,,,,,,,,,,,,,,,,,,,,,,,,,,,,,,,,,,,,,,,,,82,,,,,,,,,,,,,,,,,,,,,,,,,82,,,,,,,,,,,,,,,,,,,,,,,,,,,,,,,,,,,,,,,,,,,,,,,,,,,,,,,,,,,,,,,,,,,,,,,,,,,,,,,,,,,,,,,,,,,,,,,,,,,,,,,,,,,,,82,,
2020/1/29,,,,,,,,,,,,,,,,,,,,,,,,131,,,,,,,,,,,,,,,,,,,,,,,,,,,,,,,,,,,,,,,,,,,,,,,,,,,,,,,,,,,,,,,,,,,,,,,,,,,,,,,,,,,,,,,,,,,,,,,,,,,,,,,,,,,,,131,,,,,,,,,,,,,,,,,,,,,,,,,131,,,,,,,,,,,,,,,,,,,,,,,,,,,,,,,,,,,,,,,,,,,,,,,,,,,,,,,,,,,,,,,,,,,,,,,,,,,,,,,,,,,,,,,,,,,,,,,,,,,,,,,,,,,,,131,,
2020/1/30,,,,,,,,,,,,,,,,,,,,,,,,133,,,,,,,,,,,,,,,,,,,,,,,,,,,,,,,,,,,,,,,,,,,,,,,,,,,,,,,,,,,,,,,,,,,,,,,,,,,,,,,,,,,,,,,,,,,,,,,,,,,,,,,,,,,,,133,,,,,,,,,,,,,,,,,,,,,,,,,133,,,,,,,,,,,,,,,,,,,,,,,,,,,,,,,,,,,,,,,,,,,,,,,,,,,,,,,,,,,,,,,,,,,,,,,,,,,,,,,,,,,,,,,,,,,,,,,,,,,,,,,,,,,,,133,,
2020/1/31,,,,,,,,,,,,,,,,,,,,,,,,171,,,,,,,,,,,,,,,,,,,,,,,,,,,,,,,,,,,,,,,,,,,,,,,,,,,,,,,,,,,,,,,,,,,,,,,,,,,,,,,,,,,,,,,,,,,,,,,,,,,,,,,,,,,,,171,,,,,,,,,,,,,,,,,,,,,,,,,171,,,,,,,,,,,,,,,,,,,,,,,,,,,,,,,,,,,,,,,,,,,,,,,,,,,,,,,,,,,,,,,,,,,,,,,,,,,,,,,,,,,,,,,,,,,,,,,,,,,,,,,,,,,,,171,,
2020/2/1,,,,,,,,,,,,,,,,,,,,,,,,213,,,,,,,,,,,,,,,,,,,,,,,,,,,,,,,,,,,,,,,,,,,,,,,,,,,,,,,,,,,,,,,,,,,,,,,,,,,,,,,,,,,,,,,,,,,,,,,,,,,,,,,,,,,,,213,,,,,,,,,,,,,,,,,,,,,,,,,213,,,,,,,,,,,,,,,,,,,,,,,,,,,,,,,,,,,,,,,,,,,,,,,,,,,,,,,,,,,,,,,,,,,,,,,,,,,,,,,,,,,,,,,,,,,,,,,,,,,,,,,,,,,,,213,,
2020/2/2,,,,,,,,,,,,,,,,,,,,,,,,259,,,,,,,,,,,,,,,,,,,,,,,,,,,,,,,,,,,,,,,,,,,,,,,,,,,,,,,,,,,,,,,,,,,,,,,,,,,,,,,,,,,,,,,,,,,,,,,,,,,,,,,,,,,,,259,,,,,,,,,,,,,,,,,,,,,,,,,259,,,,,,,,,,,,,,,,,,,,,,,,,,,,,,,,,,,,,,,,,,,,,,,,,,,,,,,,,,,,,,,,,,,,,,,,,,,,,,,,,,,,,,,,,,,,,,,,,,,,,,,,,,,,,259,,
2020/2/3,,,,,,,,,,,,,,,,,,,,,,,,361,,,,,,,,,,,,,,,,,,,,,,,,,,,,,,,,,,,,,,,,,,,,,,,,,,,,,,,,,,,,,,,,,,,,,,,,,,,,,,,,,,,,,,,,,,,,,,,,,,,,,,,,,,,,,362,,,,,,,,,,,,,,,,,,,,,,,,,361,,,,,,,,,,,,,,,,,,,,,,,,,,,,,,,,,,,,,,,,,,,,,,,,,,,,,,,,,,,,,,,,,,,,,,,,,,,,,,,,,,,,,,,,,,,,,,,,,,,,,,,,,,,,,362,,
2020/2/4,,,,,,,,,,,,,,,,,,,,,,,,425,,,,,,,,,,,,,,,,,,,,,,,,,,,,,,,,,,,,,,,,,,,,,,,,,,,,,,,,,,,,,,,,,,,,,,,,,,,,,,,,,,,,,,,,,,,,,,,,,,,,,,,,,,,,,426,,,,,,,,,,,,,,,,,,,,,,,,,425,,,,,,,,,,,,,,,,,,,,,,,,,,,,,,,,,,,,,,,,,,,,,,,,,,,,,,,,,,,,,,,,,,,,,,,,,,,,,,,,,,,,,,,,,,,,,,,,,,,,,,,,,,,,,426,,
2020/2/5,,,,,,,,,,,,,,,,,,,,,,,,491,,,,,,,,,,,,,,,,,,,,,,,,,,,,,,,,,,,,,,,,,,,,,,,,,,,,,,,,,,,,,,,,,,,,,,,,,,,,,,,,,,,,,,,,,,,,,,,,,,,,,,,,,,,,,492,,,,,,,,,,,,,,,,,,,,,,,,,491,,,,,,,,,,,,,,,,,,,,,,,,,,,,,,,,,,,,,,,,,,,,,,,,,,,,,,,,,,,,,,,,,,,,,,,,,,,,,,,,,,,,,,,,,,,,,,,,,,,,,,,,,,,,,492,,
2020/2/6,,,,,,,,,,,,,,,,,,,,,,,,563,,,,,,,,,,,,,,,,,,,,,,,,,,,,,,,,,,,,,,,,,,,,,,,,,,,,,,,,,,,,,,,,,,,,,,,,,,,,,,,,,,,,,,,,,,,,,,,,,,,,,,,,,,,,,564,,,,,,,,,,,,,,,,,,,,,,,,,563,,,,,,,,,,,,,,,,,,,,,,,,,,,,,,,,,,,,,,,,,,,,,,,,,,,,,,,,,,,,,,,,,,,,,,,,,,,,,,,,,,,,,,,,,,,,,,,,,,,,,,,,,,,,,564,,
2020/2/7,,,,,,,,,,,,,,,,,,,,,,,,633,,,,,,,,,,,,,,,,,,,,,,,,,,,,,,,,,,,,,,,,,,,,,,,,,,,,,,,,,,,,,,,,,,,,,,,,,,,,,,,,,,,,,,,,,,,,,,,,,,,,,,,,,,,,,634,,,,,,,,,,,,,,,,,,,,,,,,,633,,,,,,,,,,,,,,,,,,,,,,,,,,,,,,,,,,,,,,,,,,,,,,,,,,,,,,,,,,,,,,,,,,,,,,,,,,,,,,,,,,,,,,,,,,,,,,,,,,,,,,,,,,,,,634,,
2020/2/8,,,,,,,,,,,,,,,,,,,,,,,,718,,,,,,,,,,,,,,,,,,,,,,,,,,,,,,,,,,,,,,,,,,,,,,,,,,,,,,,,,,,,,,,,,,,,,,,,,,,,,,,,,,,,,,,,,,,,,,,,,,,,,,,,,,,,,719,,,,,,,,,,,,,,,,,,,,,,,,,718,,,,,,,,,,,,,,,,,,,,,,,,,,,,,,,,,,,,,,,,,,,,,,,,,,,,,,,,,,,,,,,,,,,,,,,,,,,,,,,,,,,,,,,,,,,,,,,,,,,,,,,,,,,,,719,,
2020/2/9,,,,,,,,,,,,,,,,,,,,,,,,805,,,,,,,,,,,,,,,,,,,,,,,,,,,,,,,,,,,,,,,,,,,,,,,,,,,,,,,,,,,,,,,,,,,,,,,,,,,,,,,,,,,,,,,,,,,,,,,,,,,,,,,,,,,,,806,,,,,,,,,,,,,,,,,,,,,,,,,805,,,,,,,,,,,,,,,,,,,,,,,,,,,,,,,,,,,,,,,,,,,,,,,,,,,,,,,,,,,,,,,,,,,,,,,,,,,,,,,,,,,,,,,,,,,,,,,,,,,,,,,,,,,,,806,,
2020/2/10,,,,,,,,,,,,,,,,,,,,,,,,905,,,,,,,,,,,,,,,,,,,,,,,,,,,,,,,,,,,,,,,,,,,,,,,,,,,,,,,,,,,,,,,,,,,,,,,,,,,,,,,,,,,,,,,,,,,,,,,,,,,,,,,,,,,,,906,,,,,,,,,,,,,,,,,,,,,,,,,905,,,,,,,,,,,,,,,,,,,,,,,,,,,,,,,,,,,,,,,,,,,,,,,,,,,,,,,,,,,,,,,,,,,,,,,,,,,,,,,,,,,,,,,,,,,,,,,,,,,,,,,,,,,,,906,,
2020/2/11,,,,,,,,,,,,,,,,,,,,,,,,1012,,,,,,,,,,,,,,,,,,,,,,,,,,,,,,,,,,,,,,,,,,,,,,,,,,,,,,,,,,,,,,,,,,,,,,,,,,,,,,,,,,,,,,,,,,,,,,,,,,,,,,,,,,,,,1013,,,,,,,,,,,,,,,,,,,,,,,,,1012,,,,,,,,,,,,,,,,,,,,,,,,,,,,,,,,,,,,,,,,,,,,,,,,,,,,,,,,,,,,,,,,,,,,,,,,,,,,,,,,,,,,,,,,,,,,,,,,,,,,,,,,,,,,,1013,,
2020/2/12,,,,,,,,,,,,,,,,,,,,,,,,1112,,,,,,,,,,,,,,,,,,,,,,,,,,,,,,,,,,,,,,,,,,,,,,,,,,,,,,,,,,,,,,,,,,,,,,,,,,,,,,,,,,,,,,,,,,,,,,,,,,,,,,,,,,,,,1113,,,,,,,,,,,,,,,,,,,,,,,,,1112,,,,,,,,,,,,,,,,,,,,,,,,,,,,,,,,,,,,,,,,,,,,,,,,,,,,,,,,,,,,,,,,,,,,,,,,,,,,,,,,,,,,,,,,,,,,,,,,,,,,,,,,,,,,,1113,,
2020/2/13,,,,,,,,,,,,,,,,,,,,,,,,1117,,,,,,,,,,,,,,,,,,,,,,,,,,,,,,,,,,,,,,,,,,,,,,,,,,,,,,,,,,,,,,,,,,,,,,,,,,,,,,,,,,,,,,,,,,,,,,,,,,,,,,,,,,,,,1118,,,,,,,,,,,,,,,,,,,,,,,,,1117,,,,,,,,,,,,,,,,,,,,,,,,,,,,,,,,,,,,,,,,,,,,,,,,,,,,,,,,,,,,,,,,,,,,,,,,,,,,,,,,,,,,,,,,,,,,,,,,,,,,,,,,,,,,,1118,,
2020/2/14,,,,,,,,,,,,,,,,,,,,,,,,1369,,,,,,,,,,,,,,,,,,,,,,,,,,,,,,,,,,,,,,,,,,,,,,,,,,,,,,,,,,,,,,,,,,,,,,,,,,,,,,,,,,,,,,,,,,,,,,,,,,,,,,,,,,,,,1371,,,,,,,,,,,,,,,,,,,,,,,,,1369,,,,,,,,,,,,,,,,,,,,,,,,,,,,,,,,,,,,,,,,,,,,,,,,,,,,,,,,,,,,,,,,,,,,,,,,,,,,,,,,,,,,,,,,,,,,,,,,,,,,,,,,,,,,,1371,,
2020/2/15,,,,,,,,,,,,,,,,,,,,,,,,1521,,,,,,,,,,,,,,,,,,,,,,,,,,,,,,,,,,,,,,,,,,,,,,,,,,,,,,,,,,,,,,,,,,,,,,,,,,,,,,,,,,,,,,,,,,,,,,,,,,,,,,,,,,,,,1523,,,,,,,,,,,,,,,,,,,,,,,,,1521,,,,,,,,,,,,,,,,,,,,,,,,,,,,,,,,,,,,,,,,,,,,,,,,,,,,,,,,,,,,,,,,,,,,,,,,,,,,,,,,,,,,,,,,,,,,,,,,,,,,,,,,,,,,,1523,,
2020/2/16,,,,,,,,,,,,,,,,,,,,,,,,1663,,,,,,,,,,,,,,,,,,,,,,,,,,,,,,,,,,,,,,,,,,,,,,,,,,,,,,,,,,,,,,,,,,,,,,,,,,,,,,,,,,,,,,,,,,,,,,,,,,,,,,,,,,,,,1666,,,,,,,,,,,,,,,,,,,,,,,,,1663,,,,,,,,,,,,,,,,,,,,,,,,,,,,,,,,,,,,,,,,,,,,,,,,,,,,,,,,,,,,,,,,,,,,,,,,,,,,,,,,,,,,,,,,,,,,,,,,,,,,,,,,,,,,,1666,,
2020/2/17,,,,,,,,,,,,,,,,,,,,,,,,1767,,,,,,,,,,,,,,,,,,,,,,,,,,,,,,,,,,,,,,,,,,,,,,,,,,,,,,,,,,,,,,,,,,,,,,,,,,,,,,,,,,,,,,,,,,,,,,,,,,,,,,,,,,,,,1770,,,,,,,,,,,,,,,,,,,,,,,,,1767,,,,,,,,,,,,,,,,,,,,,,,,,,,,,,,,,,,,,,,,,,,,,,,,,,,,,,,,,,,,,,,,,,,,,,,,,,,,,,,,,,,,,,,,,,,,,,,,,,,,,,,,,,,,,1770,,
2020/2/18,,,,,,,,,,,,,,,,,,,,,,,,1865,,,,,,,,,,,,,,,,,,,,,,,,,,,,,,,,,,,,,,,,,,,,,,,,,,,,,,,,,,,,,,,,,,,,,,,,,,,,,,,,,,,,,,,,,,,,,,,,,,,,,,,,,,,,,1868,,,,,,,,,,,,,,,,,,,,,,,,,1865,,,,,,,,,,,,,,,,,,,,,,,,,,,,,,,,,,,,,,,,,,,,,,,,,,,,,,,,,,,,,,,,,,,,,,,,,,,,,,,,,,,,,,,,,,,,,,,,,,,,,,,,,,,,,1868,,
2020/2/19,,,,,,,,,,,,,,,,,,,,,,,,2004,,,,,,,,,,,,,,,,,,,,,,,,,,,,,,,,,,,,,,,,,,,,,,,,,,,,,,,,,,,,,,,,,,,,,,,,,,,,,,,,,,,,,,,,,,,,,,,,,,,,,,,,,,,,,2007,,,,,,,,,,,,,,,,,,,,,,,,,2004,,,,,,,,,,,,,,,,,,,,,,,,,,,,,,,,,,,,,,,,,,,,,,,,,,,,,,,,,,,,,,,,,,,,,,,,,,,,,,,,,,,,,,,,,,,,,,,,,,,,,,,,,,,,,2007,,
2020/2/20,,,,,,,,,,,,,,,,,,,,,,,,2117,,,,,,,,,,,,,,,,,,,,,,,,,,,,,,,,,,,,,,,,,,,,,,,,,,,,,,,,,,,,,,,,,,,,,,,,,,,,,,,,,,,,,,,,,,,,,,,,,,,,,,,,,,,,,2122,,,,,,,,,,,,,,,,,,,,,,,,,2117,,,,,,,,,,,,,,,,,,,,,,,,,,,,,,,,,,,,,,,,,,,,,,,,,,,,,,,,,,,,,,,,,,,,,,,,,,,,,,,,,,,,,,,,,,,,,,,,,,,,,,,,,,,,,2122,,
2020/2/21,,,,,,,,,,,,,,,,,,,,,,,,2239,,,,,,,,,,,,,,,,,,,,,,,,,,,,,,,,,,,,,,,,,,,,,,,,,,,,,,,,,,,,,,,,,,,,,,,,,,,,,,,,,,,,,,,,,,,,,,,,,,,,,,,,,,,,,2247,,,,,,,,,,,,,,,,,,,,,,,,,2239,,,,,,,,,,,,,,,,,,,,,,,,,,,,,,,,,,,,,,,,,,,,,,,,,,,,,,,,,,,,,,,,,,,,,,,,,,,,,,,,,,,,,,,,,,,,,,,,,,,,,,,,,,,,,2247,,
2020/2/22,,,,,,,,,,,,,,,,,,,,,,,,2239,,,,,,,,,,,,,,,,,,,,,,,,,,,,,,,,,,,,,,,,,,,,,,,,,,,,,,,,,,,,,,,,,,,,,,,,,,,,,,,,,,,,,,,,,,,,,,,,,,,,,,,,,,,,,2251,,,,,,,,,,,,,,,,,,,,,,,,,2239,,,,,,,,,,,,,,,,,,,,,,,,,,,,,,,,,,,,,,,,,,,,,,,,,,,,,,,,,,,,,,,,,,,,,,,,,,,,,,,,,,,,,,,,,,,,,,,,,,,,,,,,,,,,,2251,,
2020/2/23,,,,,,,,,,,,,,,,,,,,,,,,2444,,,,,,,,,,,,,,,,,,,,,,,,,,,,,,,,,,,,,,,,,,,,,,,,,,,,,,,,,,,,,,,,,,,,,,,,,,,,,,,,,,,,,,,,,,,,,,,,,,,,,,,,,,,,,2458,,,,,,,,,,,,,,,,,,,,,,,,,2444,,,,,,,,,,,,,,,,,,,,,,,,,,,,,,,,,,,,,,,,,,,,,,,,,,,,,,,,,,,,,,,,,,,,,,,,,,,,,,,,,,,,,,,,,,,,,,,,,,,,,,,,,,,,,2458,,
2020/2/24,,,,,,,,,,,,,,,,,,,,,,,,2446,,,,,,,,,,,,,,,,,,,,,,,,,,,,,,,,,,,,,,,,,,,,,,,,,,,,,,,,,,,,,,,,,,,,,,,,,,,,,,,,,,,,,,,,,,,,,,,,,,,,,,,,,,,,,2469,,,,,,,,,,,,,,,,,,,,,,,,,2446,,,,,,,,,,,,,,,,,,,,,,,,,,,,,,,,,,,,,,,,,,,,,,,,,,,,,,,,,,,,,,,,,,,,,,,,,,,,,,,,,,,,,,,,,,,,,,,,,,,,,,,,,,,,,2469,,
2020/2/25,,,,,,,,,,,,,,,,,,,,,,,,2596,,,,,,,,,,,,,,,,,,,,,,,,,,,,,,,,,,,12,,,,,,,,,,,,,,,,,,,,,,,,,,,,,,,,,,,,,,,,,,,,,,,,,,,,,,,,,,,,,,,,,,,,,,,,,,2629,,,,,,,,,,,,,,,,,,,,,,,,,2596,,,,,,,,,,,,,,,,,,,,,,,,,,,,,,,,,,,12,,,,,,,,,,,,,,,,,,,,,,,,,,,,,,,,,,,,,,,,,,,,,,,,,,,,,,,,,,,,,,,,,,,,,,,,,,2629,,
2020/2/26,,,,,,,,,,,,,,,,,,,,,,,,2666,,,,,,,,,,,,,,,,,,,,,,,,,,,,,,,,,,,16,,,,10,,,,,10,,,,,,,,,,,,,,,,,,,,,,,,,,,,,,,,,,,,,,,,,,,,,,,,,,,,,,,,,,,,,,,,,2708,,,,,,,,,,,,,,,,,,,,,,,,,2666,,,,,,,,,,,,,,,,,,,,,,,,,,,,,,,,,,,16,,,,10,,,,,10,,,,,,,,,,,,,,,,,,,,,,,,,,,,,,,,,,,,,,,,,,,,,,,,,,,,,,,,,,,,,,,,,2708,,
2020/2/27,,,,,,,,,,,,,,,,,,,,,,,,2718,,,,,,,,,,,,,,,,,,,,,,,,,,,,,,,,,,,19,,,,12,,,,,12,,,,,,,,,,,,,,,,,,,,,,,,,,,,,,,,,,,,,,,,,,,,,,,,,,,,,,,,,,,,,,,,,2770,,,,,,,,,,,,,,,,,,,,,,,,,2718,,,,,,,,,,,,,,,,,,,,,,,,,,,,,,,,,,,19,,,,12,,,,,12,,,,,,,,,,,,,,,,,,,,,,,,,,,,,,,,,,,,,,,,,,,,,,,,,,,,,,,,,,,,,,,,,2770,,
2020/2/28,,,,,,,,,,,,,,,,,,,,,,,,2747,,,,,,,,,,,,,,,,,,,,,,,,,,,,,,,,,,,26,,,,17,,,,,13,,,,,,,,,,,,,,,,,,,,,,,,,,,,,,,,,,,,,,,,,,,,,,,,,,,,,,,,,,,,,,,,,2814,,,,,,,,,,,,,,,,,,,,,,,,,2747,,,,,,,,,,,,,,,,,,,,,,,,,,,,,,,,,,,26,,,,17,,,,,13,,,,,,,,,,,,,,,,,,,,,,,,,,,,,,,,,,,,,,,,,,,,,,,,,,,,,,,,,,,,,,,,,2814,,
2020/2/29,,,,,,,,,,,,,,,,,,,,,,,,2791,,,,,,,,,,,,,,,,,,,,,,,,,,,,,,,,,,,34,,,,21,,,,,13,,,,,,,,,,,,,,,,,,,,,,,,,,,,,,,,,,,,,,,,,,,,,,,,,,,,,,,,,,,,,,,,,2872,,,,,,,,,,,,,,,,,,,,,,,,,2791,,,,,,,,,,,,,,,,,,,,,,,,,,,,,,,,,,,34,,,,21,,,,,13,,,,,,,,,,,,,,,,,,,,,,,,,,,,,,,,,,,,,,,,,,,,,,,,,,,,,,,,,,,,,,,,,2872,,
2020/3/1,,,,,,,,,,,,,,,,,,,,,,,,2838,,,,,,,,,,,,,,,,,,,,,,,,,,,,,,,,,,,43,,,,29,,,,,16,,,,,,,,,,,,,,,,,,,,,,,,,,,,,,,,,,,,,,,,,,,,,,,,,,,,,,,,,,,,,,,,,2941,,,,,,,,,,,,,,,,,,,,,,,,,2838,,,,,,,,,,,,,,,,,,,,,,,,,,,,,,,,,,,43,,,,29,,,,,16,,,,,,,,,,,,,,,,,,,,,,,,,,,,,,,,,,,,,,,,,,,,,,,,,,,,,,,,,,,,,,,,,2941,,
2020/3/2,,,,,,,,,,,,,,,,,,,,,,,,2873,,,,,,,,,,,,,,,,,,,,,,,,,,,,,,,,,,,54,,,,34,,,,,17,,,,,,,,,,,,,,,,,,,,,,,,,,,,,,,,,,,,,,,,,,,,,,,,,,,,,,,,,,,,,,,,,2996,,,,,,,,,,,,,,,,,,,,,,,,,2873,,,,,,,,,,,,,,,,,,,,,,,,,,,,,,,,,,,54,,,,34,,,,,17,,,,,,,,,,,,,,,,,,,,,,,,,,,,,,,,,,,,,,,,,,,,,,,,,,,,,,,,,,,,,,,,,2996,,
2020/3/3,,,,,,,,,,,,,,,,,,,,,,,,2915,,,,,,,,,,,,,,,,,,,,,,,,,,,,,,,,,,,66,,,,52,,,,,28,,,,,,,,,,,,,,,,,,,,,,,,,,,,,,,,,,,,,,,,,,,,,,,,,,,,,,,,,,,,,,,,,3085,,,,,,,,,,,,,,,,,,,,,,,,,2915,,,,,,,,,,,,,,,,,,,,,,,,,,,,,,,,,,,66,,,,52,,,,,28,,,,,,,,,,,,,,,,,,,,,,,,,,,,,,,,,,,,,,,,,,,,,,,,,,,,,,,,,,,,,,,,,3085,,
2020/3/4,,,,,,,,,,,,,,,,,,,,,,,,2948,,,,,,,,,,,,,,,,,,,,,,,,,,,,,,,,,,,77,,,,79,,,,,28,,,,,,,,,,,,,,,,,,,,,,,,,,,,,,,,,,,,,,,,,,,,,,,,,,,,,,,,,,,,,,,,,3160,,,,,,,,,,,,,,,,,,,,,,,,,2948,,,,,,,,,,,,,,,,,,,,,,,,,,,,,,,,,,,77,,,,79,,,,,28,,,,,,,,,,,,,,,,,,,,,,,,,,,,,,,,,,,,,,,,,,,,,,,,,,,,,,,,,,,,,,,,,3160,,
2020/3/5,,,,,,,,,,,,,,,,,,,,,,,,2984,,,,,,,,,,,,,,,,,,,,,,,,,,,,,,,,,,,92,,,,107,,,,,35,,,,,,,,,,,,,,,,,,,,,,,,,,,,,,,,,,,,,,,,,,,,,,,,,,,,,,,,,,11,,,,,,,3254,,,,,,,,,,,,,,,,,,,,,,,,,2984,,,,,,,,,,,,,,,,,,,,,,,,,,,,,,,,,,,92,,,,107,,,,,35,,,,,,,,,,,,,,,,,,,,,,,,,,,,,,,,,,,,,,,,,,,,,,,,,,,,,,,,,,11,,,,,,,3254,,
2020/3/6,,,,,,,,,,,,,,,,,,,,,,,,3016,,,,,,,,,,,,,,,,,,,,,,,,,,,,,,,,,,,107,,,,148,,,,,35,,,,,,,,,,,,,,,,,,,,,,,,,,,,,,,,,,,,,,,,,,,,,,,,,,,,,,,,,,12,,,,,,,3347,,,,,,,,,,,,,,,,,,,,,,,,,3016,,,,,,,,,,,,,,,,,,,,,,,,,,,,,,,,,,,107,,,,148,,,,,35,,,,,,,,,,,,,,,,,,,,,,,,,,,,,,,,,,,,,,,,,,,,,,,,,,,,,,,,,,12,,,,,,,3347,,
2020/3/7,,,,,,,,,,,,,,,,,,,,,,,,3045,,,,,,,,,,,,,,,,,,,,,,,,,,,,,,,,,,,124,,,,197,,,,,42,,,,,,,,,,,,,,,,,,,,,,,,,,,,,,,,,,,,,,,,,,,,,,,,,,,,,,,,,,14,,,,,,,3459,,,,,,,,,,,,,,,,,,,,,,,,,3045,,,,,,,,,,,,,,,,,,,,,,,,,,,,,,,,,,,124,,,,197,,,,,42,,,,,,,,,,,,,,,,,,,,,,,,,,,,,,,,,,,,,,,,,,,,,,,,,,,,,,,,,,14,,,,,,,3459,,
2020/3/8,,,,,,,,,,,,,,,,,,,,,,,,3073,,,,,,,,,,,,,,,,,,,11,,,,,,,,,,,,,,,,145,,,,233,,,,,44,,,,,,,,,,,,,,,,,,,,,,,,,,,,,,,,,,,,,,,,,,,,,,,10,,,,,,,,,,,17,,,,,,,3558,,,,,,,,,,,,,,,,,,,,,,,,,3073,,,,,,,,,,,,,,,,,,,11,,,,,,,,,,,,,,,,145,,,,233,,,,,44,,,,,,,,,,,,,,,,,,,,,,,,,,,,,,,,,,,,,,,,,,,,,,,10,,,,,,,,,,,17,,,,,,,3558,,
2020/3/9,,,,,,,,,,,,,,,,,,,,,,,,3101,,,,,,,,,,,,,,,,,,,19,,,,,,,,,,,,,,,,194,,,,366,,,,,50,,,,,,,,,,,,,,,,,,,,,,,,,,,,,,,,,,,,,,,,,,,,,,,17,,,,,,,,,,,21,,,,,,,3801,,,,,,,,,,,,,,,,,,,,,,,,,3101,,,,,,,,,,,,,,,,,,,19,,,,,,,,,,,,,,,,194,,,,366,,,,,50,,,,,,,,,,,,,,,,,,,,,,,,,,,,,,,,,,,,,,,,,,,,,,,17,,,,,,,,,,,21,,,,,,,3801,,
2020/3/10,,,,,,,,,,,,,,,,,,,,,,,,3124,,,,,,,,,,,,,,,,,,,19,,,,,,,,,,,,,,,,237,,,,463,,10,,,53,,,,,,,,,,,,,,,,,,,,,,,,,,,,,,,,,,,,,,,,,,,,,,,28,,,,,,,,,,,22,,,,,,,3987,,,,,,,,,,,,,,,,,,,,,,,,,3124,,,,,,,,,,,,,,,,,,,19,,,,,,,,,,,,,,,,237,,,,463,,10,,,53,,,,,,,,,,,,,,,,,,,,,,,,,,,,,,,,,,,,,,,,,,,,,,,28,,,,,,,,,,,22,,,,,,,3987,,
2020/3/11,,,,,,,,,,,,,,,,,,,,,,,,3140,,,,,,,,,,,,,,,,,,,33,,,,,,,,,,,,,,,,291,,,,631,,10,,,54,,,,,,,,,,,,,,,,,,,,,,,,,,,,,,,,,,,,,,,,,,,,,,,35,,,,,,,,,,,28,,,,,,,4263,,,,,,,,,,,,,,,,,,,,,,,,,3140,,,,,,,,,,,,,,,,,,,33,,,,,,,,,,,,,,,,291,,,,631,,10,,,54,,,,,,,,,,,,,,,,,,,,,,,,,,,,,,,,,,,,,,,,,,,,,,,35,,,,,,,,,,,28,,,,,,,4263,,
2020/3/12,,,,,,,,,,,,,,,,,,,,,,,,3162,,,,,,,,,,,,,,,,,,,48,,,,,,,,,,,,,,,,354,,,,827,,15,,,60,,,,,,,,,,,,,,,,,,,,,,,,,,,,,,,,,,,,,,,,,,,,,,,54,,,,,,,,,,,36,,,,,,,4614,,,,,,,,,,,,,,,,,,,,,,,,,3162,,,,,,,,,,,,,,,,,,,48,,,,,,,,,,,,,,,,354,,,,827,,15,,,60,,,,,,,,,,,,,,,,,,,,,,,,,,,,,,,,,,,,,,,,,,,,,,,54,,,,,,,,,,,36,,,,,,,4614,,
2020/3/13,,,,,,,,,,,,,,,,,,,,,,,,3173,,,,,,,,,,,,,,,,,,,48,,,,,,,,,,,,,,,,429,,,,1016,,16,,,66,,,,,,,,,,,,,,,,,,,,,,,,,,,,,,,,,,,,,,,,,,,,,,,55,,,,,,,,,,,42,,,,,,,4912,,,,,,,,,,,,,,,,,,,,,,,,,3173,,,,,,,,,,,,,,,,,,,48,,,,,,,,,,,,,,,,429,,,,1016,,16,,,66,,,,,,,,,,,,,,,,,,,,,,,,,,,,,,,,,,,,,,,,,,,,,,,55,,,,,,,,,,,42,,,,,,,4912,,
2020/3/14,,,,,,,,,,,,,,,,,,,,,,,,3181,,,,,,,,,,,,,,,,,,,79,,,,,,,,,,,,,,,,514,,,,1266,,19,,,66,,,,,,,,,,,,,,,,,10,,,,,,,,,,,,,,,,,,,,,,,,,,,,,,133,,,,11,,,,,,,50,,,10,,,,5409,,,,,,,,,,,,,,,,,,,,,,,,,3181,,,,,,,,,,,,,,,,,,,79,,,,,,,,,,,,,,,,514,,,,1266,,19,,,66,,,,,,,,,,,,,,,,,10,,,,,,,,,,,,,,,,,,,,,,,,,,,,,,133,,,,11,,,,,,,50,,,10,,,,5409,,
2020/3/15,,,,,,,,,,,,,,,,,,,,,,,,3194,,,,,,,,,,,,,,,,,,,91,,,,,,,,,,,,,,,,611,10,,,1441,,22,,,72,,,,,,,,,,,,,,,,,12,,,,,,,,,,,,,,,,,,,,,,,,,,,,,,195,,,,13,,,,,,,60,,,28,,,,5832,,,,,,,,,,,,,,,,,,,,,,,,,3194,,,,,,,,,,,,,,,,,,,91,,,,,,,,,,,,,,,,611,10,,,1441,,22,,,72,,,,,,,,,,,,,,,,,12,,,,,,,,,,,,,,,,,,,,,,,,,,,,,,195,,,,13,,,,,,,60,,,28,,,,5832,,
2020/3/16,,,,,,,,,,,,,,,,,,,,,,,,3204,,,,,,,,,,,,,,,,,,,91,,,11,,,,,,,,,,,,,724,10,,,1809,,22,,,75,,,,,,,,,,,,,,,,,20,,,,,,,,,,,,11,,,,,,,,,,,,,,,,,,289,,,,14,,,,,,,74,,,43,,,,6473,,,,,,,,,,,,,,,,,,,,,,,,,3204,,,,,,,,,,,,,,,,,,,91,,,11,,,,,,,,,,,,,724,10,,,1809,,22,,,75,,,,,,,,,,,,,,,,,20,,,,,,,,,,,,11,,,,,,,,,,,,,,,,,,289,,,,14,,,,,,,74,,,43,,,,6473,,
2020/3/17,,,,,,,,,,,,,,,,,,,,,,,,3218,,,,,,,,,,,,,,,,,,,149,,,17,,,,,,,,,,,,,853,10,,,2158,,27,,,75,,,,,,,,,,,,,,,,,24,,,,,,,,,,,,12,,,,,,,,,,,,,,,,,,342,,,,14,,,,,,,100,,,66,,,,7151,,,,,,,,,,,,,,,,,,,,,,,,,3218,,,,,,,,,,,,,,,,,,,149,,,17,,,,,,,,,,,,,853,10,,,2158,,27,,,75,,,,,,,,,,,,,,,,,24,,,,,,,,,,,,12,,,,,,,,,,,,,,,,,,342,,,,14,,,,,,,100,,,66,,,,7151,,
2020/3/18,,,,,,,,,,,,,,10,,,,,,,,,,3231,,,,,,,,,,,,,,,,,,,149,,,24,,,,,,,,,,,,,988,11,,,2503,,29,,,81,,,,,,,,,,,,,,,,,43,,,,,,,,,,,,12,,,,,,,,,,,,,,,,,,533,,,,27,,,,,,,134,,,82,,,,7957,,,,,,,,,,,,,,,10,,,,,,,,,,3231,,,,,,,,,,,,,,,,,,,149,,,24,,,,,,,,,,,,,988,11,,,2503,,29,,,81,,,,,,,,,,,,,,,,,43,,,,,,,,,,,,12,,,,,,,,,,,,,,,,,,533,,,,27,,,,,,,134,,,82,,,,7957,,
2020/3/19,,,,,,,,,,,,,,14,,,,,,,,,,3242,,,,,,,,,,,,,,,,,,,149,,,28,,,,,,,,,,,,19,1135,12,,,2978,,29,,,84,,,,,,,,,,,,,,,,,58,,,,,,,,,,,,19,,,,,,11,,,,,,,,,,,,623,,,10,28,,,,,,,165,,,116,,,,8824,,,,,,,,,,,,,,,14,,,,,,,,,,3242,,,,,,,,,,,,,,,,,,,149,,,28,,,,,,,,,,,,19,1135,12,,,2978,,29,,,84,,,,,,,,,,,,,,,,,58,,,,,,,,,,,,19,,,,,,11,,,,,,,,,,,,623,,,10,28,,,,,,,165,,,116,,,,8824,,
2020/3/20,,,,,,,,,,,,,,21,,,,,,,,,,3250,,,,,,,,,,,,,,,,,,,244,,,44,,,,,,,,,,,,25,1284,13,,,3405,,29,,,91,,,,,,,,,,,,,,,,,77,,,,,,,,,,,,17,,,,,,11,,,,,,,,,,,,830,,,11,41,,,,,,,259,,,159,,,,9947,,,,,,,,,,,,,,,21,,,,,,,,,,3250,,,,,,,,,,,,,,,,,,,244,,,44,,,,,,,,,,,,25,1284,13,,,3405,,29,,,91,,,,,,,,,,,,,,,,,77,,,,,,,,,,,,17,,,,,,11,,,,,,,,,,,,830,,,11,41,,,,,,,259,,,159,,,,9947,,
2020/3/21,,,11,,,,,,,,,,,37,,,11,,,,12,,,3255,,,,,,,,,,,,,,,,,,,451,,,67,,,,,,,,,,,,32,1433,17,,,4032,,33,,,94,,,,,,,,,,,,,,,,,107,,,,,,,,,,,,18,,,,,,14,,,,,,,,,,,,1043,,,16,54,,,,,,,350,,,195,,,,11423,,,,11,,,,,,,,,,,37,,,11,,,,12,,,3255,,,,,,,,,,,,,,,,,,,451,,,67,,,,,,,,,,,,32,1433,17,,,4032,,33,,,94,,,,,,,,,,,,,,,,,107,,,,,,,,,,,,18,,,,,,14,,,,,,,,,,,,1043,,,16,54,,,,,,,350,,,195,,,,11423,,
2020/3/22,,,15,,,,,,,,,,,67,,,15,,,,19,,,3261,,,,,,,,13,,,,,10,,,,,,563,,,84,,13,,,,,,,,,,38,1556,17,,,4825,,35,,,102,,,,,,,,,,,,,,,,,137,,,,,,,,,,,,19,,12,,,,20,,,,,,,,,,,,1375,,,20,75,,,,,,,442,,,251,,,,13125,,,,15,,,,,,,,,,,67,,,15,,,,19,,,3261,,,,,,,,13,,,,,10,,,,,,563,,,84,,13,,,,,,,,,,38,1556,17,,,4825,,35,,,102,,,,,,,,,,,,,,,,,137,,,,,,,,,,,,19,,12,,,,20,,,,,,,,,,,,1375,,,20,75,,,,,,,442,,,251,,,,13125,,
2020/3/23,,,17,,,,,16,,,,,,75,,,25,,,,21,,,3276,,,,,,,,13,,,,14,14,,,,,,676,,,94,,15,,,,,,,,,,48,1685,20,,,5476,,41,,,111,,,,,,,,,10,,,,,,,,180,,,,,,,,,,,,25,,14,,,,20,,,,,,,,,,,,1772,,,21,98,,,,,,30,587,,,286,,,,14826,,,,17,,,,,16,,,,,,75,,,25,,,,21,,,3276,,,,,,,,13,,,,14,14,,,,,,676,,,94,,15,,,,,,,,,,48,1685,20,,,5476,,41,,,111,,,,,,,,,10,,,,,,,,180,,,,,,,,,,,,25,,14,,,,20,,,,,,,,,,,,1772,,,21,98,,,,,,30,587,,,286,,,,14826,,
2020/3/24,,,17,,,,,21,,,,,,88,,,34,,,,25,,,3276,,,,,,,,24,,,,18,19,,,,,,862,,,123,,17,,,,,,,,,10,49,1812,23,,,6077,,42,,,111,,,,,,,,,14,,,,,,,,214,,,,,,10,,,,,,33,,23,,,,20,,,,,,,,,,,,2311,,,25,120,,,,,,37,786,,,360,,,,16759,,,,17,,,,,21,,,,,,88,,,34,,,,25,,,3276,,,,,,,,24,,,,18,19,,,,,,862,,,123,,17,,,,,,,,,10,49,1812,23,,,6077,,42,,,111,,,,,,,,,14,,,,,,,,214,,,,,,10,,,,,,33,,23,,,,20,,,,,,,,,,,,2311,,,25,120,,,,,,37,786,,,360,,,,16759,,
2020/3/25,,,19,,,,,28,,,,,,122,,,46,,,,26,,,3283,,,,,,,,32,10,,,27,20,,,,,,1102,,,157,,20,,,,,,,,,10,55,1934,27,,,6820,,43,,,120,,,,,,,,,16,,,,,,,,277,,,,,,12,,,,,,35,10,33,,11,,21,,,,,,,,,,,,2808,,,36,122,,,,,,44,1011,,,509,,,,19017,,,,19,,,,,28,,,,,,122,,,46,,,,26,,,3283,,,,,,,,32,10,,,27,20,,,,,,1102,,,157,,20,,,,,,,,,10,55,1934,27,,,6820,,43,,,120,,,,,,,,,16,,,,,,,,277,,,,,,12,,,,,,35,10,33,,11,,21,,,,,,,,,,,,2808,,,36,122,,,,,,44,1011,,,509,,,,19017,,
2020/3/26,,,21,,,,,30,,,,,,178,,,59,,,,30,,,3287,,,,,,,,34,10,,10,28,21,,,,,,1333,,,206,,22,,,,,,,10,,12,58,2077,29,,,7503,,45,,,126,,,,,,,,,20,,,,,,,,357,,,,,,14,,,,,,38,14,43,,17,,21,,,,,,,,,,,,3647,,,62,153,,,,,,59,1320,,,695,,,,21789,,,,21,,,,,30,,,,,,178,,,59,,,,30,,,3287,,,,,,,,34,10,,10,28,21,,,,,,1333,,,206,,22,,,,,,,10,,12,58,2077,29,,,7503,,45,,,126,,,,,,,,,20,,,,,,,,357,,,,,,14,,,,,,38,14,43,,17,,21,,,,,,,,,,,,3647,,,62,153,,,,,,59,1320,,,695,,,,21789,,
2020/3/27,,,25,,,,13,49,,,,,,220,,,77,,,,38,,,3293,,,,,,,,41,10,,10,34,24,,,,,,1698,,,267,,26,,,,,,,10,,20,78,2234,36,19,,8215,,47,,,131,,,,,,,,,23,,,,,,11,,435,,,,,,14,,,,,,45,16,60,,23,,21,,,,,,,,,,,,4365,,,77,191,,,,,,75,1726,,,879,,,,24788,,,,25,,,,13,49,,,,,,220,,,77,,,,38,,,3293,,,,,,,,41,10,,10,34,24,,,,,,1698,,,267,,26,,,,,,,10,,20,78,2234,36,19,,8215,,47,,,131,,,,,,,,,23,,,,,,11,,435,,,,,,14,,,,,,45,16,60,,23,,21,,,,,,,,,,,,4365,,,77,191,,,,,,75,1726,,,879,,,,24788,,
2020/3/28,,,26,,13,,13,58,,,,,,289,,,92,,,,54,,,3298,,,,,,,,52,10,,20,36,30,,,,,,1997,,,342,,28,,,,,,,10,,20,87,2378,40,22,12,9134,,49,,,139,,,,,,,,15,26,,,,12,,23,,547,,,,,,19,,11,,,11,54,16,76,,26,,21,,,,,,,,,,,,5138,,,105,231,,,,,,92,2269,,,1163,,,,28292,,,,26,,13,,13,58,,,,,,289,,,92,,,,54,,,3298,,,,,,,,52,10,,20,36,30,,,,,,1997,,,342,,28,,,,,,,10,,20,87,2378,40,22,12,9134,,49,,,139,,,,,,,,15,26,,,,12,,23,,547,,,,,,19,,11,,,11,54,16,76,,26,,21,,,,,,,,,,,,5138,,,105,231,,,,,,92,2269,,,1163,,,,28292,,
2020/3/29,,10,29,,18,,14,68,,,,,,353,,,111,,11,,61,,,3301,,,,,,,11,65,10,,28,48,36,,,,,,2317,,,433,,32,,,,,,,11,,24,102,2517,42,36,12,10023,,52,,,144,,,,,,,,18,27,,,,16,,25,,640,,,,,,23,,12,14,,16,68,18,100,,37,,22,,,,10,,,,,,,,5982,,,105,264,,,,,,108,2744,,,1457,,,,31811,,,10,29,,18,,14,68,,,,,,353,,,111,,11,,61,,,3301,,,,,,,11,65,10,,28,48,36,,,,,,2317,,,433,,32,,,,,,,11,,24,102,2517,42,36,12,10023,,52,,,144,,,,,,,,18,27,,,,16,,25,,640,,,,,,23,,12,14,,16,68,18,100,,37,,22,,,,10,,,,,,,,5982,,,105,264,,,,,,108,2744,,,1457,,,,31811,,
2020/3/30,,10,31,,19,,16,86,,,,,,431,,,136,,12,,64,,,3306,10,,,,,,16,72,10,,39,58,40,,,,,11,2611,,,533,,38,,,,,,,13,,27,114,2640,42,46,15,10779,,54,,,152,,,,,10,,,21,35,,,,20,,26,,772,,,,,,25,,14,17,,18,71,22,119,,43,,22,,,,13,,,,11,,,,6803,,,110,300,,,,,,131,3420,10,,1672,,,,35323,,,10,31,,19,,16,86,,,,,,431,,,136,,12,,64,,,3306,10,,,,,,16,72,10,,39,58,40,,,,,11,2611,,,533,,38,,,,,,,13,,27,114,2640,42,46,15,10779,,54,,,152,,,,,10,,,21,35,,,,20,,26,,772,,,,,,25,,14,17,,18,71,22,119,,43,,22,,,,13,,,,11,,,,6803,,,110,300,,,,,,131,3420,10,,1672,,,,35323,,
2020/3/31,,11,35,,23,,17,108,,,,,,513,,10,159,,12,,80,,,3313,12,,,,,,23,77,10,,42,60,41,,,,,13,3030,,,645,,43,,,,,,,15,,32,122,2757,46,54,16,11591,,54,,,158,,,,,11,,,22,37,,,,28,,33,,865,,,,,,32,,21,24,,24,78,31,140,,65,,25,,,,16,,,,11,,,,7716,,,146,359,,,,,,168,4196,13,,2046,,,,39443,,,11,35,,23,,17,108,,,,,,513,,10,159,,12,,80,,,3313,12,,,,,,23,77,10,,42,60,41,,,,,13,3030,,,645,,43,,,,,,,15,,32,122,2757,46,54,16,11591,,54,,,158,,,,,11,,,22,37,,,,28,,33,,865,,,,,,32,,21,24,,24,78,31,140,,65,,25,,,,16,,,,11,,,,7716,,,146,359,,,,,,168,4196,13,,2046,,,,39443,,
2020/4/1,,15,44,12,27,,18,128,,,,,,705,,13,201,,14,,101,,12,3314,16,,,,,,31,90,10,,51,75,46,,,,,17,3532,,,775,,49,,,,,,,16,,35,136,2898,50,71,20,12428,,56,,,162,,,,,12,,,23,43,,,,29,,36,,1040,,,,,,39,,26,30,,30,88,33,160,,82,17,26,,10,,16,,,,15,,,,8464,,,180,433,,,10,,10,214,5367,17,,2429,,,,44238,,,15,44,12,27,,18,128,,,,,,705,,13,201,,14,,101,,12,3314,16,,,,,,31,90,10,,51,75,46,,,,,17,3532,,,775,,49,,,,,,,16,,35,136,2898,50,71,20,12428,,56,,,162,,,,,12,,,23,43,,,,29,,36,,1040,,,,,,39,,26,30,,30,88,33,160,,82,17,26,,10,,16,,,,15,,,,8464,,,180,433,,,10,,10,214,5367,17,,2429,,,,44238,,
2020/4/2,,15,58,14,28,,20,146,,,,,,828,,13,240,10,16,,109,,16,3321,17,,,,,,39,104,11,,57,93,52,,,,,17,4414,,,920,,50,,,,,,10,20,,58,157,3036,52,85,26,13155,,57,,,165,,,,,14,,,29,45,,,,37,,39,,1175,,,,,11,44,,27,30,,38,96,43,187,,92,24,26,,16,,28,,,,15,,,,9387,,,239,488,,,12,,12,277,6511,20,,3100,,,,49685,,,15,58,14,28,,20,146,,,,,,828,,13,240,10,16,,109,,16,3321,17,,,,,,39,104,11,,57,93,52,,,,,17,4414,,,920,,50,,,,,,10,20,,58,157,3036,52,85,26,13155,,57,,,165,,,,,14,,,29,45,,,,37,,39,,1175,,,,,11,44,,27,30,,38,96,43,187,,92,24,26,,16,,28,,,,15,,,,9387,,,239,488,,,12,,12,277,6511,20,,3100,,,,49685,,
2020/4/3,,16,86,15,36,,24,158,,,,,,1011,,16,324,10,16,,139,,18,3327,19,,,,,10,44,123,11,,60,120,58,,,11,,19,5398,,,1107,,53,,,,,,14,21,,72,170,3160,54,98,36,13915,,62,,,169,,,,,16,,,30,50,,,,50,,44,,1341,,,,,11,50,,34,32,,55,107,57,209,,115,30,30,,21,,31,,,,17,,,,10348,,,308,536,,,15,,14,356,7938,22,,3752,,,,55834,,,16,86,15,36,,24,158,,,,,,1011,,16,324,10,16,,139,,18,3327,19,,,,,10,44,123,11,,60,120,58,,,11,,19,5398,,,1107,,53,,,,,,14,21,,72,170,3160,54,98,36,13915,,62,,,169,,,,,16,,,30,50,,,,50,,44,,1341,,,,,11,50,,34,32,,55,107,57,209,,115,30,30,,21,,31,,,,17,,,,10348,,,308,536,,,15,,14,356,7938,22,,3752,,,,55834,,
2020/4/4,,17,105,16,39,,28,168,,,,,,1143,,17,359,14,16,,179,,22,3331,25,,,,,11,53,139,11,,68,145,66,,,12,,20,6520,,,1275,,63,,,,,,15,26,,72,181,3294,54,120,40,14681,,63,,,174,,,,,17,,,31,53,,,,60,,48,,1490,,,,,12,59,,40,37,,61,136,71,246,,133,34,30,,25,,39,,,,20,,,,11198,,,358,591,,,19,,18,425,9260,27,,4467,,,,61826,,,17,105,16,39,,28,168,,,,,,1143,,17,359,14,16,,179,,22,3331,25,,,,,11,53,139,11,,68,145,66,,,12,,20,6520,,,1275,,63,,,,,,15,26,,72,181,3294,54,120,40,14681,,63,,,174,,,,,17,,,31,53,,,,60,,48,,1490,,,,,12,59,,40,37,,61,136,71,246,,133,34,30,,25,,39,,,,20,,,,11198,,,358,591,,,19,,18,425,9260,27,,4467,,,,61826,,
2020/4/5,,20,130,17,43,,30,186,,,,,,1283,10,21,445,17,16,,218,,27,3335,32,,,12,,11,59,161,11,,68,172,71,,,13,,25,7574,,,1444,,68,,,,,,15,32,,86,191,3452,56,137,44,15362,,77,,,177,,,,,17,,11,31,57,,,,79,12,59,,1656,,,,,17,62,,41,41,,73,144,79,266,,146,43,32,,29,,44,,,,22,,,,11947,,,373,666,,,20,,18,501,10870,32,10,5228,,,,67996,,,20,130,17,43,,30,186,,,,,,1283,10,21,445,17,16,,218,,27,3335,32,,,12,,11,59,161,11,,68,172,71,,,13,,25,7574,,,1444,,68,,,,,,15,32,,86,191,3452,56,137,44,15362,,77,,,177,,,,,17,,11,31,57,,,,79,12,59,,1656,,,,,17,62,,41,41,,73,144,79,266,,146,43,32,,29,,44,,,,22,,,,11947,,,373,666,,,20,,18,501,10870,32,10,5228,,,,67996,,
2020/4/6,,20,152,18,44,,35,204,,,,,,1447,10,23,486,20,17,,259,,34,3338,35,,,15,,9,67,179,11,,82,180,78,,,15,,28,8093,,,1584,,73,,,,,,22,34,,99,198,3603,61,158,49,15887,,77,,,183,,,,,18,,13,36,61,,,,94,15,70,,1771,,,10,,18,71,,47,46,,83,152,94,295,,151,45,32,,34,,51,,,,28,,11,,12641,,,401,715,,,23,,22,574,12375,37,10,5874,,,,73077,,,20,152,18,44,,35,204,,,,,,1447,10,23,486,20,17,,259,,34,3338,35,,,15,,9,67,179,11,,82,180,78,,,15,,28,8093,,,1584,,73,,,,,,22,34,,99,198,3603,61,158,49,15887,,77,,,183,,,,,18,,13,36,61,,,,94,15,70,,1771,,,10,,18,71,,47,46,,83,152,94,295,,151,45,32,,34,,51,,,,28,,11,,12641,,,401,715,,,23,,22,574,12375,37,10,5874,,,,73077,,
2020/4/7,11,21,173,21,48,,40,220,,,,12,13,1632,11,29,564,22,18,,339,,37,3340,46,,,16,,9,78,187,11,,86,191,85,,,19,,27,8926,,,1810,,79,,,,,,22,38,,136,209,3739,64,174,57,16523,,85,,,186,,,,,19,,15,41,62,,,,125,19,80,,1874,,,10,,23,76,,53,54,,92,163,107,311,,176,47,32,,38,,58,,,,30,,12,,13341,,,477,765,,,26,,22,649,13894,38,11,6445,,,,78767,,,21,173,21,48,,40,220,,,,12,13,1632,11,29,564,22,18,,339,,37,3340,46,,,16,,9,78,187,11,,86,191,85,,,19,,27,8926,,,1810,,79,,,,,,22,38,,136,209,3739,64,174,57,16523,,85,,,186,,,,,19,,15,41,62,,,,125,19,80,,1874,,,10,,23,76,,53,54,,92,163,107,311,,176,47,32,,38,,58,,,,30,,12,,13341,,,477,765,,,26,,22,649,13894,38,11,6445,,,,78767,,
2020/4/8,14,22,193,22,56,,45,243,,,,17,13,2035,14,33,686,23,19,,375,,43,3340,50,,,18,11,9,88,203,11,,98,191,94,,,21,,34,10343,,,2016,,81,,,,,,22,47,,150,221,3872,65,210,65,17127,,92,,,192,,,,,19,,15,44,63,,,,141,22,90,,2108,,,11,,26,89,,57,55,,107,177,129,345,,197,58,34,,41,,61,,,,36,,13,,14045,,,591,821,,,27,,23,725,16191,45,12,7483,,,,86662,,,22,193,22,56,,45,243,,,,17,13,2035,14,33,686,23,19,,375,,43,3340,50,,,18,11,9,88,203,11,,98,191,94,,,21,,34,10343,,,2016,,81,,,,,,22,47,,150,221,3872,65,210,65,17127,,92,,,192,,,,,19,,15,44,63,,,,141,22,90,,2108,,,11,,26,89,,57,55,,107,177,129,345,,197,58,34,,41,,61,,,,36,,13,,14045,,,591,821,,,27,,23,725,16191,45,12,7483,,,,86662,,
2020/4/9,14,22,205,23,63,,50,273,,,,20,13,2240,15,34,819,24,23,10,407,,48,3342,54,,,19,12,9,99,218,11,,108,242,103,,,24,,40,10887,,,2349,,83,,,,,,22,58,,178,240,3993,69,235,73,17669,,93,,,200,,,,,19,,15,46,65,,,,174,27,93,,2255,,,11,,29,101,,61,59,,121,182,159,380,,220,63,34,,41,,65,,,,40,,18,,14792,,,687,895,,,30,,24,812,18270,52,12,8519,,,,93354,,,22,205,23,63,,50,273,,,,20,13,2240,15,34,819,24,23,10,407,,48,3342,54,,,19,12,9,99,218,11,,108,242,103,,,24,,40,10887,,,2349,,83,,,,,,22,58,,178,240,3993,69,235,73,17669,,93,,,200,,,,,19,,15,46,65,,,,174,27,93,,2255,,,11,,29,101,,61,59,,121,182,159,380,,220,63,34,,41,,65,,,,40,,18,,14792,,,687,895,,,30,,24,812,18270,52,12,8519,,,,93354,,
2020/4/10,15,23,235,25,72,10,51,295,,,,21,16,2523,18,35,950,24,24,10,503,,57,3344,69,,,20,15,10,112,237,11,,118,272,118,,,24,,42,12228,,,2607,,87,,,,,,23,66,,226,280,4110,69,263,86,18279,,94,,,204,,,,,19,,16,52,67,,,,194,29,97,,2403,,,11,,30,108,,65,63,,138,203,174,409,,248,76,34,,44,,66,,,,43,,18,,15447,,,793,948,,,32,,25,908,20288,57,14,9623,,,,100915,,,23,235,25,72,10,51,295,,,,21,16,2523,18,35,950,24,24,10,503,,57,3344,69,,,20,15,10,112,237,11,,118,272,118,,,24,,42,12228,,,2607,,87,,,,,,23,66,,226,280,4110,69,263,86,18279,,94,,,204,,,,,19,,16,52,67,,,,194,29,97,,2403,,,11,,30,108,,65,63,,138,203,174,409,,248,76,34,,44,,66,,,,43,,18,,15447,,,793,948,,,32,,25,908,20288,57,14,9623,,,,100915,,
2020/4/11,15,23,256,26,82,12,54,319,10,,,27,19,3019,19,36,1057,25,24,12,557,,65,3346,80,,,21,15,10,119,247,11,,126,297,135,,,24,,48,13215,,,2767,,92,,,,,,23,77,,246,306,4232,70,287,95,18849,,99,10,,208,,,,,20,,22,54,70,,,,233,29,107,,2520,,,11,,32,113,,66,66,,169,221,181,435,,270,94,34,,47,,71,,,,45,,24,,16081,,,870,1002,,,33,,25,1006,22357,69,16,10776,,,,108137,,,23,256,26,82,12,54,319,10,,,27,19,3019,19,36,1057,25,24,12,557,,65,3346,80,,,21,15,10,119,247,11,,126,297,135,,,24,,48,13215,,,2767,,92,,,,,,23,77,,246,306,4232,70,287,95,18849,,99,10,,208,,,,,20,,22,54,70,,,,233,29,107,,2520,,,11,,32,113,,66,66,,169,221,181,435,,270,94,34,,47,,71,,,,45,,24,,16081,,,870,1002,,,33,,25,1006,22357,69,16,10776,,,,108137,,
2020/4/12,18,23,275,26,83,13,57,337,11,,,30,23,3346,20,37,1124,28,27,12,654,,73,3349,100,,,21,16,10,129,260,11,,135,315,146,,,24,,49,13851,,,2736,,93,,,,,,24,85,,288,327,4357,72,320,101,19468,,99,10,,211,,,,,20,,23,62,73,,,,273,30,111,,2653,,,11,10,34,119,,86,74,,181,247,208,470,,291,106,35,,52,,74,,,,50,,25,,16606,,,887,1036,,,35,,28,1101,24366,73,20,11616,,,,114170,,,23,275,26,83,13,57,337,11,,,30,23,3346,20,37,1124,28,27,12,654,,73,3349,100,,,21,16,10,129,260,11,,135,315,146,,,24,,49,13851,,,2736,,93,,,,,,24,85,,288,327,4357,72,320,101,19468,,99,10,,211,,,,,20,,23,62,73,,,,273,30,111,,2653,,,11,10,34,119,,86,74,,181,247,208,470,,291,106,35,,52,,74,,,,50,,25,,16606,,,887,1036,,,35,,28,1101,24366,73,20,11616,,,,114170,,
2020/4/13,18,23,293,29,90,13,60,350,11,,,34,26,3600,24,39,1223,29,27,12,714,,80,3349,109,,,23,18,11,138,273,11,,173,333,159,,,25,,56,14412,,,3022,,98,,,,,,25,99,,331,373,4474,76,334,103,19899,,108,10,,214,,,,,20,,23,66,76,,,,296,31,118,,2747,,,12,10,34,128,,91,79,,193,297,232,504,,316,130,35,,59,,80,,,,53,,25,,17209,,,899,1106,,,38,,31,1198,26086,83,22,12302,,,,119853,,,23,293,29,90,13,60,350,11,,,34,26,3600,24,39,1223,29,27,12,714,,80,3349,109,,,23,18,11,138,273,11,,173,333,159,,,25,,56,14412,,,3022,,98,,,,,,25,99,,331,373,4474,76,334,103,19899,,108,10,,214,,,,,20,,23,66,76,,,,296,31,118,,2747,,,12,10,34,128,,91,79,,193,297,232,504,,316,130,35,,59,,80,,,,53,,25,,17209,,,899,1106,,,38,,31,1198,26086,83,22,12302,,,,119853,,
2020/4/14,21,23,313,29,97,14,61,368,12,,,39,29,3903,27,39,1328,32,27,12,781,,82,3351,112,,,25,21,12,143,285,11,,177,355,164,,,28,,59,14986,,,3194,,99,,,,,,25,109,,358,399,4585,78,365,116,20465,,123,12,,217,,,,,20,,24,69,77,10,,,332,35,126,,2833,,,12,10,38,134,,93,87,,216,315,245,535,,331,148,35,,65,,85,,,,55,,27,,17756,,,919,1138,,,40,,34,1296,27870,93,25,13047,,,,125561,,,23,313,29,97,14,61,368,12,,,39,29,3903,27,39,1328,32,27,12,781,,82,3351,112,,,25,21,12,143,285,11,,177,355,164,,,28,,59,14986,,,3194,,99,,,,,,25,109,,358,399,4585,78,365,116,20465,,123,12,,217,,,,,20,,24,69,77,10,,,332,35,126,,2833,,,12,10,38,134,,93,87,,216,315,245,535,,331,148,35,,65,,85,,,,55,,27,,17756,,,919,1138,,,40,,34,1296,27870,93,25,13047,,,,125561,,
2020/4/15,23,24,326,31,102,16,62,384,13,,,46,33,4157,28,40,1532,35,30,14,901,,92,3351,127,,,31,21,12,161,299,12,,183,369,178,,,31,,64,15731,,,3294,,101,,,,,,26,122,,393,459,4683,78,406,123,21067,,143,14,,222,,,,,21,,29,67,82,13,,,406,40,126,,2955,,,14,11,44,139,,96,94,,230,335,263,567,,351,170,36,,73,,94,,10,,56,,27,,18056,,,1033,1174,,,41,,34,1403,30262,98,28,14095,,,,132439,,,24,326,31,102,16,62,384,13,,,46,33,4157,28,40,1532,35,30,14,901,,92,3351,127,,,31,21,12,161,299,12,,183,369,178,,,31,,64,15731,,,3294,,101,,,,,,26,122,,393,459,4683,78,406,123,21067,,143,14,,222,,,,,21,,29,67,82,13,,,406,40,126,,2955,,,14,11,44,139,,96,94,,230,335,263,567,,351,170,36,,73,,94,,10,,56,,27,,18056,,,1033,1174,,,41,,34,1403,30262,98,28,14095,,,,132439,,
2020/4/16,25,25,336,33,111,17,63,393,13,,,50,36,4440,28,41,1736,36,32,17,1008,,94,3352,131,,,33,24,12,166,309,12,,189,388,183,,,35,,72,17169,,,3804,,102,,,,,,31,134,,405,469,4777,79,444,130,21645,,146,16,10,225,,,,,21,,30,69,83,13,,,449,46,127,,3145,,,14,12,45,150,,111,95,,254,349,286,599,,372,198,36,,79,,99,,10,,61,,34,,18708,,,1203,1239,,,43,,35,1518,32760,108,33,14941,,,,140685,,,25,336,33,111,17,63,393,13,,,50,36,4440,28,41,1736,36,32,17,1008,,94,3352,131,,,33,24,12,166,309,12,,189,388,183,,,35,,72,17169,,,3804,,102,,,,,,31,134,,405,469,4777,79,444,130,21645,,146,16,10,225,,,,,21,,30,69,83,13,,,449,46,127,,3145,,,14,12,45,150,,111,95,,254,349,286,599,,372,198,36,,79,,99,,10,,61,,34,,18708,,,1203,1239,,,43,,35,1518,32760,108,33,14941,,,,140685,,
2020/4/17,30,26,348,33,115,18,63,410,15,,,60,40,4857,29,43,1924,38,32,22,1259,,105,3352,144,,,35,27,12,169,321,12,,196,403,196,,,36,,75,17922,,,4052,,105,,,,,,35,142,,448,496,4869,80,486,142,22170,,178,17,11,229,11,,,,21,,32,69,84,13,,,486,54,130,,3327,,,14,13,46,152,,128,103,,274,362,314,629,,392,232,38,,83,,103,,10,,61,,48,,19315,,,1333,1281,,,46,,37,1643,34844,116,35,15974,,,,147963,,,26,348,33,115,18,63,410,15,,,60,40,4857,29,43,1924,38,32,22,1259,,105,3352,144,,,35,27,12,169,321,12,,196,403,196,,,36,,75,17922,,,4052,,105,,,,,,35,142,,448,496,4869,80,486,142,22170,,178,17,11,229,11,,,,21,,32,69,84,13,,,486,54,130,,3327,,,14,13,46,152,,128,103,,274,362,314,629,,392,232,38,,83,,103,,10,,61,,48,,19315,,,1333,1281,,,46,,37,1643,34844,116,35,15974,,,,147963,,
2020/4/18,30,26,364,35,123,19,66,431,15,,,75,42,5163,31,46,2141,41,35,22,1356,,116,4642,153,,,36,31,12,173,336,13,,200,421,205,,,38,,82,18683,,,4352,,108,,,,,,41,156,,486,520,4958,81,530,151,22745,,190,17,11,230,12,,,,21,,33,72,86,13,,,546,56,135,,3471,11,,18,17,49,161,,135,109,,300,387,332,657,,411,273,39,,87,,110,,11,,66,,50,,20002,,,1400,1327,,,47,,37,1769,37428,125,37,16910,,,,156821,,,26,364,35,123,19,66,431,15,,,75,42,5163,31,46,2141,41,35,22,1356,,116,4642,153,,,36,31,12,173,336,13,,200,421,205,,,38,,82,18683,,,4352,,108,,,,,,41,156,,486,520,4958,81,530,151,22745,,190,17,11,230,12,,,,21,,33,72,86,13,,,546,56,135,,3471,11,,18,17,49,161,,135,109,,300,387,332,657,,411,273,39,,87,,110,,11,,66,,50,,20002,,,1400,1327,,,47,,37,1769,37428,125,37,16910,,,,156821,,
2020/4/19,30,26,367,35,129,20,67,443,18,,,84,45,5453,31,47,2354,41,36,22,1401,,126,4642,153,,,39,32,12,181,346,13,,217,456,224,,,38,,90,19325,,,4459,,110,,,,,,46,172,,521,535,5031,82,571,164,23227,,222,17,12,232,12,,,,21,,33,72,88,13,,,650,57,137,,3613,11,,19,19,49,164,,143,116,,348,397,347,687,,421,313,39,,92,,117,,11,11,70,,52,,20043,,10,1511,1368,,,47,,37,1890,39775,133,37,18028,,,,163236,,,26,367,35,129,20,67,443,18,,,84,45,5453,31,47,2354,41,36,22,1401,,126,4642,153,,,39,32,12,181,346,13,,217,456,224,,,38,,90,19325,,,4459,,110,,,,,,46,172,,521,535,5031,82,571,164,23227,,222,17,12,232,12,,,,21,,33,72,88,13,,,650,57,137,,3613,11,,19,19,49,164,,143,116,,348,397,347,687,,421,313,39,,92,,117,,11,11,70,,52,,20043,,10,1511,1368,,,47,,37,1890,39775,133,37,18028,,,,163236,,
2020/4/20,33,26,375,36,132,20,67,452,19,,,91,47,5683,32,48,2462,42,36,42,1565,,133,4642,179,,,47,34,12,186,355,13,,226,474,239,,,40,,94,19720,,,4586,,113,,,,,,46,189,,559,582,5118,82,610,172,23660,,236,17,14,234,12,,,,21,,35,73,89,14,,,686,67,141,,3697,12,,20,21,51,165,,168,120,,400,409,360,714,,451,361,39,,97,,122,,11,12,74,,54,,20453,,10,1540,1393,,,47,,38,2017,40945,141,41,18527,10,,,167772,,,26,375,36,132,20,67,452,19,,,91,47,5683,32,48,2462,42,36,42,1565,,133,4642,179,,,47,34,12,186,355,13,,226,474,239,,,40,,94,19720,,,4586,,113,,,,,,46,189,,559,582,5118,82,610,172,23660,,236,17,14,234,12,,,,21,,35,73,89,14,,,686,67,141,,3697,12,,20,21,51,165,,168,120,,400,409,360,714,,451,361,39,,97,,122,,11,12,74,,54,,20453,,10,1540,1393,,,47,,38,2017,40945,141,41,18527,10,,,167772,,
2020/4/21,36,26,384,37,136,22,67,470,19,,,101,51,5828,33,49,2587,43,38,42,1727,,139,4642,189,,,47,36,12,194,364,13,,235,507,250,,,40,,98,20267,,,4862,,116,,,,,,46,199,10,592,590,5209,82,687,177,24114,,236,19,14,236,15,,,,21,,37,75,89,14,,,712,70,143,,3764,12,,20,22,54,181,,176,126,,445,428,380,735,,478,405,39,,103,,125,,11,13,77,,58,,20852,,12,1580,1429,,10,47,,38,2140,42686,151,43,19092,10,,,173124,,,26,384,37,136,22,67,470,19,,,101,51,5828,33,49,2587,43,38,42,1727,,139,4642,189,,,47,36,12,194,364,13,,235,507,250,,,40,,98,20267,,,4862,,116,,,,,,46,199,10,592,590,5209,82,687,177,24114,,236,19,14,236,15,,,,21,,37,75,89,14,,,712,70,143,,3764,12,,20,22,54,181,,176,126,,445,428,380,735,,478,405,39,,103,,125,,11,13,77,,58,,20852,,12,1580,1429,,10,47,,38,2140,42686,151,43,19092,10,,,173124,,
2020/4/22,36,26,392,37,147,24,67,491,20,,,110,55,5998,34,51,2741,45,38,43,1910,,147,4642,196,,13,48,38,12,201,370,13,,245,520,264,,,43,,141,20798,,,5033,,121,,,,,,46,213,10,645,616,5297,83,730,184,24648,,263,19,14,237,18,11,,,21,,38,78,92,14,,,857,72,145,,3929,13,,20,22,55,182,,201,136,,484,437,401,762,,498,456,40,,109,,130,,11,14,77,,58,,21282,,12,1765,1478,,10,48,,38,2259,45086,161,46,20264,12,,10,180236,,,26,392,37,147,24,67,491,20,,,110,55,5998,34,51,2741,45,38,43,1910,,147,4642,196,,13,48,38,12,201,370,13,,245,520,264,,,43,,141,20798,,,5033,,121,,,,,,46,213,10,645,616,5297,83,730,184,24648,,263,19,14,237,18,11,,,21,,38,78,92,14,,,857,72,145,,3929,13,,20,22,55,182,,201,136,,484,437,401,762,,498,456,40,,109,,130,,11,14,77,,58,,21282,,12,1765,1478,,10,48,,38,2259,45086,161,46,20264,12,,10,180236,,
2020/4/23,40,27,402,37,152,24,67,510,20,,,120,58,6262,37,53,2906,49,39,43,2078,,160,4642,206,,14,48,40,13,208,384,13,,260,537,276,,,44,,149,21342,,,5279,,121,,,,,,46,225,10,681,635,5391,83,769,189,25085,,281,19,14,238,18,13,,11,22,,38,80,93,17,,,970,75,149,,4068,14,,22,28,56,187,,212,141,,530,446,426,785,10,524,513,40,,114,,134,,12,14,79,,65,,21717,,13,1937,1509,,10,49,,38,2376,47412,174,52,21111,12,,10,186912,,,27,402,37,152,24,67,510,20,,,120,58,6262,37,53,2906,49,39,43,2078,,160,4642,206,,14,48,40,13,208,384,13,,260,537,276,,,44,,149,21342,,,5279,,121,,,,,,46,225,10,681,635,5391,83,769,189,25085,,281,19,14,238,18,13,,11,22,,38,80,93,17,,,970,75,149,,4068,14,,22,28,56,187,,212,141,,530,446,426,785,10,524,513,40,,114,,134,,12,14,79,,65,,21717,,13,1937,1509,,10,49,,38,2376,47412,174,52,21111,12,,10,186912,,
2020/4/24,42,27,407,37,165,24,75,522,20,11,,127,60,6490,43,54,3331,52,41,43,2241,,168,4642,215,,14,50,43,13,210,394,13,,265,560,287,,,45,,172,21858,,,5575,,125,11,,,,,47,239,10,721,647,5481,83,794,192,25549,,328,20,14,240,19,14,,11,22,,40,83,95,21,,,1069,80,155,,4192,17,,24,31,56,194,,237,146,,572,462,454,820,10,545,555,40,,121,,139,,12,15,79,16,75,,22157,,16,2021,1549,,10,50,,38,2491,49724,187,56,21840,12,,10,193665,,,27,407,37,165,24,75,522,20,11,,127,60,6490,43,54,3331,52,41,43,2241,,168,4642,215,,14,50,43,13,210,394,13,,265,560,287,,,45,,172,21858,,,5575,,125,11,,,,,47,239,10,721,647,5481,83,794,192,25549,,328,20,14,240,19,14,,11,22,,40,83,95,21,,,1069,80,155,,4192,17,,24,31,56,194,,237,146,,572,462,454,820,10,545,555,40,,121,,139,,12,15,79,16,75,,22157,,16,2021,1549,,10,50,,38,2491,49724,187,56,21840,12,,10,193665,,
2020/4/25,43,27,415,40,176,27,79,530,21,11,,131,63,6679,44,55,3704,54,41,43,2402,,174,4642,225,,14,51,49,14,214,403,13,,267,576,294,,,46,,177,22248,,,5760,10,130,11,,,,,55,262,10,780,689,5574,86,1014,194,25969,,345,25,14,240,19,15,,12,22,,40,85,96,21,,,1221,84,158,,4304,18,,24,32,57,199,10,253,154,,634,477,494,854,10,567,615,40,,127,,144,,12,17,80,16,79,,22524,,16,2152,1589,,10,51,,38,2600,51493,201,64,22853,12,,10,199997,,,27,415,40,176,27,79,530,21,11,,131,63,6679,44,55,3704,54,41,43,2402,,174,4642,225,,14,51,49,14,214,403,13,,267,576,294,,,46,,177,22248,,,5760,10,130,11,,,,,55,262,10,780,689,5574,86,1014,194,25969,,345,25,14,240,19,15,,12,22,,40,85,96,21,,,1221,84,158,,4304,18,,24,32,57,199,10,253,154,,634,477,494,854,10,567,615,40,,127,,144,,12,17,80,16,79,,22524,,16,2152,1589,,10,51,,38,2600,51493,201,64,22853,12,,10,199997,,
2020/4/26,47,27,419,40,185,28,80,536,21,11,,140,67,6917,46,57,4057,55,41,53,2571,,181,4642,233,,14,54,51,14,218,418,13,,273,576,307,,,46,,186,22617,,,5877,10,130,13,,,,,59,262,10,825,720,5650,86,1063,199,26384,,360,25,14,242,20,19,,12,24,11,41,85,98,21,,,1305,94,159,,4424,18,,27,35,59,201,10,269,159,,700,494,524,880,10,601,681,40,,136,,151,,12,17,81,18,86,,22902,,17,2192,1599,,10,51,,38,2706,53755,201,71,23697,14,,10,206187,,,27,419,40,185,28,80,536,21,11,,140,67,6917,46,57,4057,55,41,53,2571,,181,4642,233,,14,54,51,14,218,418,13,,273,576,307,,,46,,186,22617,,,5877,10,130,13,,,,,59,262,10,825,720,5650,86,1063,199,26384,,360,25,14,242,20,19,,12,24,11,41,85,98,21,,,1305,94,159,,4424,18,,27,35,59,201,10,269,159,,700,494,524,880,10,601,681,40,,136,,151,,12,17,81,18,86,,22902,,17,2192,1599,,10,51,,38,2706,53755,201,71,23697,14,,10,206187,,
2020/4/27,50,28,425,40,192,28,83,542,21,11,,145,72,7094,50,59,4286,56,42,56,2687,,189,4643,244,,14,55,54,14,220,422,13,,278,576,317,,,49,,190,22859,,,5976,11,134,15,,,,,59,272,10,881,743,5710,87,1087,201,26644,,372,25,14,243,21,20,,12,24,12,41,88,98,23,,,1351,96,161,,4491,19,,29,40,61,201,10,281,165,,728,501,535,903,10,619,747,41,,139,,156,,12,18,82,23,87,,23190,,21,2194,1610,,10,51,,38,2805,54881,209,76,24117,15,,10,209900,,,28,425,40,192,28,83,542,21,11,,145,72,7094,50,59,4286,56,42,56,2687,,189,4643,244,,14,55,54,14,220,422,13,,278,576,317,,,49,,190,22859,,,5976,11,134,15,,,,,59,272,10,881,743,5710,87,1087,201,26644,,372,25,14,243,21,20,,12,24,12,41,88,98,23,,,1351,96,161,,4491,19,,29,40,61,201,10,281,165,,728,501,535,903,10,619,747,41,,139,,156,,12,18,82,23,87,,23190,,21,2194,1610,,10,51,,38,2805,54881,209,76,24117,15,,10,209900,,
2020/4/28,57,28,432,40,197,29,83,549,22,11,,152,75,7207,53,60,4603,58,42,58,2841,,198,4643,253,,14,59,56,15,223,427,13,,282,663,337,,,50,,193,23296,,,6126,11,136,15,,,,,61,280,10,939,765,5806,88,1102,204,26977,,385,25,14,244,22,22,,13,24,12,41,88,99,23,,10,1434,102,162,,4534,19,,29,40,65,205,10,292,167,,782,511,562,928,10,641,794,41,,144,,162,,14,18,83,26,90,,23521,,22,2274,1665,,10,52,,39,2900,56219,220,82,24458,15,,10,214444,,,28,432,40,197,29,83,549,22,11,,152,75,7207,53,60,4603,58,42,58,2841,,198,4643,253,,14,59,56,15,223,427,13,,282,663,337,,,50,,193,23296,,,6126,11,136,15,,,,,61,280,10,939,765,5806,88,1102,204,26977,,385,25,14,244,22,22,,13,24,12,41,88,99,23,,10,1434,102,162,,4534,19,,29,40,65,205,10,292,167,,782,511,562,928,10,641,794,41,,144,,162,,14,18,83,26,90,,23521,,22,2274,1665,,10,52,,39,2900,56219,220,82,24458,15,,10,214444,,
2020/4/29,58,30,437,41,207,30,89,569,22,11,,155,79,7331,55,63,5083,58,42,58,2983,,207,4643,269,,14,63,58,15,227,434,13,,286,871,359,,,50,,199,23663,,,6314,16,138,15,,,,,64,291,10,1008,773,5877,90,1159,210,27359,,394,25,14,246,22,23,,13,24,16,44,89,100,24,,10,1569,103,165,,4582,19,,31,44,71,206,10,312,167,,854,530,596,948,10,663,867,41,,152,,168,,14,20,86,28,93,,23822,,25,2355,1699,,10,54,,40,2992,58355,239,89,25369,15,,10,220801,,,30,437,41,207,30,89,569,22,11,,155,79,7331,55,63,5083,58,42,58,2983,,207,4643,269,,14,63,58,15,227,434,13,,286,871,359,,,50,,199,23663,,,6314,16,138,15,,,,,64,291,10,1008,773,5877,90,1159,210,27359,,394,25,14,246,22,23,,13,24,16,44,89,100,24,,10,1569,103,165,,4582,19,,31,44,71,206,10,312,167,,854,530,596,948,10,663,867,41,,152,,168,,14,20,86,28,93,,23822,,25,2355,1699,,10,54,,40,2992,58355,239,89,25369,15,,10,220801,,
2020/4/30,60,30,444,42,214,30,91,580,23,11,,163,84,7501,59,65,5513,64,43,61,3155,,216,4643,278,,14,67,58,15,227,443,13,,293,883,380,,,50,,206,24090,,,6467,16,139,16,,,,,66,300,10,1079,784,5957,92,1190,215,27682,,413,25,15,247,22,24,,15,24,16,45,89,100,25,,10,1732,111,168,,4727,19,,32,51,73,207,10,343,178,,943,558,624,973,10,693,972,41,,157,,173,,14,22,89,28,103,,24275,,28,2462,1716,,16,54,,40,3081,60967,250,98,26166,15,,10,227665,,,30,444,42,214,30,91,580,23,11,,163,84,7501,59,65,5513,64,43,61,3155,,216,4643,278,,14,67,58,15,227,443,13,,293,883,380,,,50,,206,24090,,,6467,16,139,16,,,,,66,300,10,1079,784,5957,92,1190,215,27682,,413,25,15,247,22,24,,15,24,16,45,89,100,25,,10,1732,111,168,,4727,19,,32,51,73,207,10,343,178,,943,558,624,973,10,693,972,41,,157,,173,,14,22,89,28,103,,24275,,28,2462,1716,,16,54,,40,3081,60967,250,98,26166,15,,10,227665,,
2020/5/1,64,31,450,42,218,32,93,584,24,11,,168,89,7594,62,69,6006,66,43,61,3310,,227,4643,293,,14,69,61,15,236,452,13,,301,900,392,10,,52,,211,24379,,,6623,17,140,16,,,,,71,312,10,1154,792,6028,93,1232,222,27967,,430,25,17,248,22,26,,15,24,16,45,90,102,26,,10,1859,116,170,,4811,19,,32,58,77,210,11,385,188,10,1051,568,644,989,10,717,1073,41,,162,,179,,15,23,91,28,103,,24543,,31,2586,1737,,16,54,,41,3174,62996,261,105,26842,17,,16,233360,,,31,450,42,218,32,93,584,24,11,,168,89,7594,62,69,6006,66,43,61,3310,,227,4643,293,,14,69,61,15,236,452,13,,301,900,392,10,,52,,211,24379,,,6623,17,140,16,,,,,71,312,10,1154,792,6028,93,1232,222,27967,,430,25,17,248,22,26,,15,24,16,45,90,102,26,,10,1859,116,170,,4811,19,,32,58,77,210,11,385,188,10,1051,568,644,989,10,717,1073,41,,162,,179,,15,23,91,28,103,,24543,,31,2586,1737,,16,54,,41,3174,62996,261,105,26842,17,,16,233360,,
2020/5/2,68,31,453,43,225,33,93,589,25,11,,170,93,7703,66,70,6412,68,44,61,3537,,234,4643,314,,15,75,64,15,240,460,13,,313,1063,406,10,,52,,218,24597,,,6736,17,140,16,,,,,75,323,10,1223,800,6091,94,1265,225,28236,,455,25,21,250,22,30,,16,24,18,45,92,103,26,,10,1972,122,171,,4909,20,,33,68,81,210,11,417,192,10,1124,579,651,1007,12,744,1169,41,,169,,179,,16,23,92,28,116,,24543,,36,2653,1754,,16,54,,41,3258,64943,272,111,27583,17,,10,238619,,,31,453,43,225,33,93,589,25,11,,170,93,7703,66,70,6412,68,44,61,3537,,234,4643,314,,15,75,64,15,240,460,13,,313,1063,406,10,,52,,218,24597,,,6736,17,140,16,,,,,75,323,10,1223,800,6091,94,1265,225,28236,,455,25,21,250,22,30,,16,24,18,45,92,103,26,,10,1972,122,171,,4909,20,,33,68,81,210,11,417,192,10,1124,579,651,1007,12,744,1169,41,,169,,179,,16,23,92,28,116,,24543,,36,2653,1754,,16,54,,41,3258,64943,272,111,27583,17,,10,238619,,
2020/5/3,72,31,459,44,237,33,94,596,25,11,,175,97,7765,71,72,6761,72,44,64,3684,10,247,4643,324,,15,77,66,15,245,475,13,,326,1371,415,11,,53,,220,24763,,,6812,18,143,17,,,,,76,335,10,1323,831,6156,95,1286,229,28710,,474,25,22,250,22,33,,16,25,18,46,92,103,26,,10,2061,124,173,,5003,20,,35,85,82,211,12,440,197,10,1200,603,664,1023,12,771,1222,41,,176,,189,,17,24,94,31,123,,25100,,41,2669,1762,,16,54,,42,3336,66369,279,119,28205,17,,10,243813,,,31,459,44,237,33,94,596,25,11,,175,97,7765,71,72,6761,72,44,64,3684,10,247,4643,324,,15,77,66,15,245,475,13,,326,1371,415,11,,53,,220,24763,,,6812,18,143,17,,,,,76,335,10,1323,831,6156,95,1286,229,28710,,474,25,22,250,22,33,,16,25,18,46,92,103,26,,10,2061,124,173,,5003,20,,35,85,82,211,12,440,197,10,1200,603,664,1023,12,771,1222,41,,176,,189,,17,24,94,31,123,,25100,,41,2669,1762,,16,54,,42,3336,66369,279,119,28205,17,,10,243813,,
2020/5/4,85,31,463,45,246,35,95,598,25,11,,177,99,7844,76,77,7051,73,45,64,3795,10,260,4643,340,,17,79,67,15,248,484,13,,333,1564,429,11,,55,,230,24900,,,6866,18,144,17,,,,,82,340,10,1391,845,6203,97,1303,232,28884,,487,27,24,252,22,38,10,16,25,18,46,96,105,27,,10,2154,125,174,,5072,20,,36,87,84,211,12,457,197,10,1286,607,678,1043,12,790,1280,41,,184,,193,,18,24,96,32,131,,25264,,41,2679,1762,,16,54,,42,3397,67682,288,126,28520,17,10,10,247470,,,31,463,45,246,35,95,598,25,11,,177,99,7844,76,77,7051,73,45,64,3795,10,260,4643,340,,17,79,67,15,248,484,13,,333,1564,429,11,,55,,230,24900,,,6866,18,144,17,,,,,82,340,10,1391,845,6203,97,1303,232,28884,,487,27,24,252,22,38,10,16,25,18,46,96,105,27,,10,2154,125,174,,5072,20,,36,87,84,211,12,457,197,10,1286,607,678,1043,12,790,1280,41,,184,,193,,18,24,96,32,131,,25264,,41,2679,1762,,16,54,,42,3397,67682,288,126,28520,17,10,10,247470,,
2020/5/5,90,31,465,45,260,39,96,600,26,11,,182,103,7924,82,78,7367,78,46,64,4003,10,270,4643,358,,17,80,69,15,252,493,13,,346,1569,436,13,,55,,240,25204,,,6993,18,146,19,,,,11,83,351,10,1566,864,6277,98,1319,235,29079,,536,29,24,254,26,40,10,16,25,18,46,96,105,29,,10,2271,132,179,,5098,20,,37,93,85,214,12,476,200,10,1344,623,698,1063,12,818,1356,41,,191,10,197,,18,25,97,35,138,,25428,,41,2769,1784,,16,54,,43,3461,68922,303,137,28809,17,10,10,251537,,,31,465,45,260,39,96,600,26,11,,182,103,7924,82,78,7367,78,46,64,4003,10,270,4643,358,,17,80,69,15,252,493,13,,346,1569,436,13,,55,,240,25204,,,6993,18,146,19,,,,11,83,351,10,1566,864,6277,98,1319,235,29079,,536,29,24,254,26,40,10,16,25,18,46,96,105,29,,10,2271,132,179,,5098,20,,37,93,85,214,12,476,200,10,1344,623,698,1063,12,818,1356,41,,191,10,197,,18,25,97,35,138,,25428,,41,2769,1784,,16,54,,43,3461,68922,303,137,28809,17,10,10,251537,,
2020/5/6,95,31,470,46,264,40,97,606,26,11,,183,107,8016,86,79,7938,80,48,64,4190,17,275,4643,378,,18,83,69,15,257,503,13,,354,1569,452,14,,55,,246,25537,,,6993,18,146,19,10,,10,12,93,363,10,1693,872,6340,102,1339,238,29315,,556,29,24,255,26,40,11,17,25,20,46,96,106,32,,10,2507,136,181,,5185,21,,38,98,86,215,13,514,210,10,1444,637,716,1074,12,841,1451,41,,200,11,200,11,18,25,98,38,148,,25613,,45,2854,1795,,16,54,,43,3520,71064,316,146,29501,17,10,10,257239,,,31,470,46,264,40,97,606,26,11,,183,107,8016,86,79,7938,80,48,64,4190,17,275,4643,378,,18,83,69,15,257,503,13,,354,1569,452,14,,55,,246,25537,,,6993,18,146,19,10,,10,12,93,363,10,1693,872,6340,102,1339,238,29315,,556,29,24,255,26,40,11,17,25,20,46,96,106,32,,10,2507,136,181,,5185,21,,38,98,86,215,13,514,210,10,1444,637,716,1074,12,841,1451,41,,200,11,200,11,18,25,98,38,148,,25613,,45,2854,1795,,16,54,,43,3520,71064,316,146,29501,17,10,10,257239,,
2020/5/7,104,31,476,46,273,40,97,608,28,11,,186,112,8339,91,86,8588,84,48,108,4366,17,281,4643,397,,18,85,69,15,262,506,13,,362,1618,469,15,,55,,252,25812,,,7275,18,147,21,11,,10,12,99,373,10,1785,895,6418,102,1375,239,29684,,556,30,26,256,26,42,12,17,25,20,48,98,107,32,,10,2704,143,183,,5221,21,,38,103,88,216,13,564,218,10,1533,658,733,1089,12,864,1537,41,,209,12,203,14,20,25,99,39,153,,25857,,49,2941,1805,,16,55,,43,3584,73455,327,157,30150,17,10,10,263855,,,31,476,46,273,40,97,608,28,11,,186,112,8339,91,86,8588,84,48,108,4366,17,281,4643,397,,18,85,69,15,262,506,13,,362,1618,469,15,,55,,252,25812,,,7275,18,147,21,11,,10,12,99,373,10,1785,895,6418,102,1375,239,29684,,556,30,26,256,26,42,12,17,25,20,48,98,107,32,,10,2704,143,183,,5221,21,,38,103,88,216,13,564,218,10,1533,658,733,1089,12,864,1537,41,,209,12,203,14,20,25,99,39,153,,25857,,49,2941,1805,,16,55,,43,3584,73455,327,157,30150,17,10,10,263855,,
2020/5/8,106,31,483,47,282,42,97,609,28,11,,199,116,8415,102,90,9190,84,48,108,4541,27,285,4643,407,,20,86,73,15,270,514,13,,373,1654,482,15,,56,,255,25990,,,7392,18,148,23,11,,10,12,105,383,10,1889,930,6486,102,1403,240,29958,,577,30,29,256,27,44,12,18,25,20,49,100,107,32,,10,2961,145,183,,5306,21,,42,107,89,217,15,585,225,10,1627,685,755,1105,12,888,1625,41,,219,13,206,16,20,26,99,44,161,,26070,,52,3040,1810,12,16,55,,44,3641,75662,340,165,30689,17,10,10,269567,,,31,483,47,282,42,97,609,28,11,,199,116,8415,102,90,9190,84,48,108,4541,27,285,4643,407,,20,86,73,15,270,514,13,,373,1654,482,15,,56,,255,25990,,,7392,18,148,23,11,,10,12,105,383,10,1889,930,6486,102,1403,240,29958,,577,30,29,256,27,44,12,18,25,20,49,100,107,32,,10,2961,145,183,,5306,21,,42,107,89,217,15,585,225,10,1627,685,755,1105,12,888,1625,41,,219,13,206,16,20,26,99,44,161,,26070,,52,3040,1810,12,16,55,,44,3641,75662,340,165,30689,17,10,10,269567,,
2020/5/9,109,31,488,47,293,43,97,614,28,11,,206,121,8521,106,98,10017,86,48,108,4697,28,294,4643,428,,20,86,74,15,273,522,13,,380,1704,503,16,,56,,260,26233,,10,7510,18,150,24,11,,10,12,107,392,10,1985,943,6541,104,1429,245,30201,,590,31,29,256,27,47,12,18,26,20,49,100,107,35,,10,3160,150,186,,5377,21,,44,117,90,218,16,599,231,10,1714,696,776,1114,12,923,1723,41,,229,13,209,17,20,26,100,44,178,,26299,,59,3175,1823,12,21,55,10,45,3689,77180,361,174,31316,18,10,10,274898,,,31,488,47,293,43,97,614,28,11,,206,121,8521,106,98,10017,86,48,108,4697,28,294,4643,428,,20,86,74,15,273,522,13,,380,1704,503,16,,56,,260,26233,,10,7510,18,150,24,11,,10,12,107,392,10,1985,943,6541,104,1429,245,30201,,590,31,29,256,27,47,12,18,26,20,49,100,107,35,,10,3160,150,186,,5377,21,,44,117,90,218,16,599,231,10,1714,696,776,1114,12,923,1723,41,,229,13,209,17,20,26,100,44,178,,26299,,59,3175,1823,12,21,55,10,45,3689,77180,361,174,31316,18,10,10,274898,,
2020/5/10,115,31,494,48,300,44,97,615,31,11,,214,126,8581,114,102,10656,90,48,108,4823,31,304,4643,445,,21,87,74,15,276,526,13,,385,1717,514,17,,60,,265,26313,,10,7549,22,151,24,11,,10,12,108,405,10,2101,959,6589,107,1446,247,30395,,607,31,30,256,28,49,12,18,26,20,49,101,108,37,,10,3353,161,186,,5441,21,,45,128,91,219,17,636,237,10,1814,704,785,1126,13,939,1827,41,,239,17,215,18,20,26,101,48,186,,26478,,64,3220,1830,20,21,56,10,45,3739,78795,376,185,31662,18,10,10,279311,,,31,494,48,300,44,97,615,31,11,,214,126,8581,114,102,10656,90,48,108,4823,31,304,4643,445,,21,87,74,15,276,526,13,,385,1717,514,17,,60,,265,26313,,10,7549,22,151,24,11,,10,12,108,405,10,2101,959,6589,107,1446,247,30395,,607,31,30,256,28,49,12,18,26,20,49,101,108,37,,10,3353,161,186,,5441,21,,45,128,91,219,17,636,237,10,1814,704,785,1126,13,939,1827,41,,239,17,215,18,20,26,101,48,186,,26478,,64,3220,1830,20,21,56,10,45,3739,78795,376,185,31662,18,10,10,279311,,
2020/5/11,120,31,502,48,305,45,97,618,32,11,,228,131,8656,118,107,11123,91,49,114,4991,31,312,4643,463,,21,90,77,16,280,529,13,,388,2127,525,17,,60,,267,26383,,10,7569,22,151,26,11,,10,15,108,413,10,2212,973,6640,109,1458,252,30560,,624,31,32,256,28,58,12,18,26,20,50,101,108,38,,10,3465,169,188,,5459,21,,46,143,91,219,17,659,244,10,1889,719,800,1135,14,961,1915,41,,246,19,215,18,20,26,102,51,194,,26621,,70,3225,1833,20,21,56,11,45,3786,79526,391,198,31930,19,10,10,282709,,,31,502,48,305,45,97,618,32,11,,228,131,8656,118,107,11123,91,49,114,4991,31,312,4643,463,,21,90,77,16,280,529,13,,388,2127,525,17,,60,,267,26383,,10,7569,22,151,26,11,,10,15,108,413,10,2212,973,6640,109,1458,252,30560,,624,31,32,256,28,58,12,18,26,20,50,101,108,38,,10,3465,169,188,,5459,21,,46,143,91,219,17,659,244,10,1889,719,800,1135,14,961,1915,41,,246,19,215,18,20,26,102,51,194,,26621,,70,3225,1833,20,21,56,11,45,3786,79526,391,198,31930,19,10,10,282709,,
2020/5/12,122,31,507,48,314,46,97,620,32,11,,239,135,8707,122,113,11653,93,50,125,5115,31,323,4644,479,,21,91,77,16,282,533,13,,393,2145,533,18,,61,,271,26646,,11,7661,22,151,26,11,,10,16,116,421,10,2294,991,6685,110,1467,258,30739,,633,32,33,258,28,65,12,18,26,20,50,101,109,39,,10,3573,175,188,,5475,21,,46,150,91,224,17,706,249,10,1961,726,811,1144,14,982,2009,41,,255,19,218,19,21,26,102,52,206,,26744,,74,3256,1845,21,21,56,11,45,3841,80682,408,201,32141,19,10,10,286330,,,31,507,48,314,46,97,620,32,11,,239,135,8707,122,113,11653,93,50,125,5115,31,323,4644,479,,21,91,77,16,282,533,13,,393,2145,533,18,,61,,271,26646,,11,7661,22,151,26,11,,10,16,116,421,10,2294,991,6685,110,1467,258,30739,,633,32,33,258,28,65,12,18,26,20,50,101,109,39,,10,3573,175,188,,5475,21,,46,150,91,224,17,706,249,10,1961,726,811,1144,14,982,2009,41,,255,19,218,19,21,26,102,52,206,,26744,,74,3256,1845,21,21,56,11,45,3841,80682,408,201,32141,19,10,10,286330,,
2020/5/13,127,31,515,48,319,47,98,623,33,11,,250,142,8761,128,117,12461,95,51,125,5300,40,335,4644,493,,21,91,78,16,283,527,13,,402,2327,544,20,,61,,275,26994,,11,7738,22,152,27,11,,10,16,121,425,10,2415,1007,6733,112,1488,260,30911,,657,32,36,259,29,75,12,18,26,20,50,102,109,40,,10,3926,182,188,,5529,21,,47,158,92,228,17,737,252,10,2057,751,839,1163,14,1002,2116,41,,264,19,220,19,21,27,102,52,206,,26920,,80,3313,1867,21,21,56,11,45,3894,82356,425,203,32769,19,10,10,291942,10,,31,515,48,319,47,98,623,33,11,,250,142,8761,128,117,12461,95,51,125,5300,40,335,4644,493,,21,91,78,16,283,527,13,,402,2327,544,20,,61,,275,26994,,11,7738,22,152,27,11,,10,16,121,425,10,2415,1007,6733,112,1488,260,30911,,657,32,36,259,29,75,12,18,26,20,50,102,109,40,,10,3926,182,188,,5529,21,,47,158,92,228,17,737,252,10,2057,751,839,1163,14,1002,2116,41,,264,19,220,19,21,27,102,52,206,,26920,,80,3313,1867,21,21,56,11,45,3894,82356,425,203,32769,19,10,10,291942,10,
2020/5/14,132,31,522,49,329,48,98,624,35,11,10,269,146,8843,142,120,13240,96,51,136,5425,42,346,4644,509,,24,94,79,17,290,533,13,,409,2334,556,20,,61,,284,27077,,11,7861,24,155,29,14,,10,18,123,430,10,2551,1028,6783,115,1497,264,31106,,678,32,40,260,29,82,12,19,26,20,54,103,111,44,,10,4220,185,188,,5581,21,,49,164,95,229,17,761,256,11,2169,772,861,1175,14,1036,2212,41,,273,21,222,26,21,27,103,52,219,,27104,,90,3460,1870,23,21,56,11,45,3952,84119,439,206,33264,19,11,10,297197,12,,31,522,49,329,48,98,624,35,11,10,269,146,8843,142,120,13240,96,51,136,5425,42,346,4644,509,,24,94,79,17,290,533,13,,409,2334,556,20,,61,,284,27077,,11,7861,24,155,29,14,,10,18,123,430,10,2551,1028,6783,115,1497,264,31106,,678,32,40,260,29,82,12,19,26,20,54,103,111,44,,10,4220,185,188,,5581,21,,49,164,95,229,17,761,256,11,2169,772,861,1175,14,1036,2212,41,,273,21,222,26,21,27,103,52,219,,27104,,90,3460,1870,23,21,56,11,45,3952,84119,439,206,33264,19,11,10,297197,12,
2020/5/15,136,31,529,49,353,49,98,626,35,11,10,283,151,8903,152,122,13999,99,51,139,5592,46,368,4644,525,,24,94,79,17,293,537,13,,422,2338,571,23,,62,,287,27428,10,12,7884,24,156,29,15,,10,20,133,436,10,2649,1043,6854,115,1506,265,31368,,697,32,42,260,29,88,12,19,26,20,54,103,112,46,,10,4477,194,190,,5609,21,,50,167,95,232,18,770,260,11,2267,790,883,1184,14,1053,2305,41,,283,23,224,26,21,27,103,53,238,,27321,,90,3529,1872,29,21,56,11,45,4007,85898,456,208,33693,19,11,10,302418,12,,31,529,49,353,49,98,626,35,11,10,283,151,8903,152,122,13999,99,51,139,5592,46,368,4644,525,,24,94,79,17,293,537,13,,422,2338,571,23,,62,,287,27428,10,12,7884,24,156,29,15,,10,20,133,436,10,2649,1043,6854,115,1506,265,31368,,697,32,42,260,29,88,12,19,26,20,54,103,112,46,,10,4477,194,190,,5609,21,,50,167,95,232,18,770,260,11,2267,790,883,1184,14,1053,2305,41,,283,23,224,26,21,27,103,53,238,,27321,,90,3529,1872,29,21,56,11,45,4007,85898,456,208,33693,19,11,10,302418,12,
2020/5/16,153,31,536,49,356,52,98,628,36,11,12,298,156,8959,164,128,14962,102,51,140,5679,48,394,4644,546,,24,95,79,17,295,537,13,,424,2594,592,25,,63,,293,27532,10,12,7897,28,160,30,15,,10,20,134,442,10,2753,1076,6902,117,1518,266,31610,,713,34,45,262,29,96,14,19,26,20,54,104,112,46,,10,4767,202,190,,5662,21,,51,171,97,232,20,834,266,11,2392,806,907,1190,14,1070,2418,41,,292,25,225,27,21,27,103,53,247,,27459,,91,3646,1878,33,21,56,11,45,4055,87530,476,210,34078,19,11,10,307666,15,,31,536,49,356,52,98,628,36,11,12,298,156,8959,164,128,14962,102,51,140,5679,48,394,4644,546,,24,95,79,17,295,537,13,,424,2594,592,25,,63,,293,27532,10,12,7897,28,160,30,15,,10,20,134,442,10,2753,1076,6902,117,1518,266,31610,,713,34,45,262,29,96,14,19,26,20,54,104,112,46,,10,4767,202,190,,5662,21,,51,171,97,232,20,834,266,11,2392,806,907,1190,14,1070,2418,41,,292,25,225,27,21,27,103,53,247,,27459,,91,3646,1878,33,21,56,11,45,4055,87530,476,210,34078,19,11,10,307666,15,
2020/5/17,168,31,542,51,363,55,98,629,36,11,12,314,160,9005,165,129,15662,105,51,140,5800,50,421,4645,562,10,25,95,79,17,296,543,13,,428,2688,612,26,,63,,297,27532,11,12,7938,29,162,33,16,,10,20,138,448,10,2871,1089,6937,121,1533,268,31763,,725,34,50,262,29,107,14,19,26,20,55,104,113,48,,10,5045,207,192,,5689,21,,51,176,98,232,21,834,269,11,2523,817,915,1203,15,1094,2537,41,,302,25,228,29,22,28,103,55,261,,27563,,97,3674,1879,36,21,56,11,45,4096,88754,497,214,34546,19,11,10,311781,18,,31,542,51,363,55,98,629,36,11,12,314,160,9005,165,129,15662,105,51,140,5800,50,421,4645,562,10,25,95,79,17,296,543,13,,428,2688,612,26,,63,,297,27532,11,12,7938,29,162,33,16,,10,20,138,448,10,2871,1089,6937,121,1533,268,31763,,725,34,50,262,29,107,14,19,26,20,55,104,113,48,,10,5045,207,192,,5689,21,,51,176,98,232,21,834,269,11,2523,817,915,1203,15,1094,2537,41,,302,25,228,29,22,28,103,55,261,,27563,,97,3674,1879,36,21,56,11,45,4096,88754,497,214,34546,19,11,10,311781,18,
2020/5/18,169,31,548,51,373,60,99,629,39,11,12,328,165,9052,169,133,16118,108,51,140,5903,53,450,4645,574,10,27,95,79,17,298,547,13,,428,2736,630,30,,63,,298,28111,11,12,7962,29,163,33,16,,10,20,142,451,10,3025,1148,6988,123,1543,272,31908,,744,34,50,263,29,112,14,19,26,21,56,107,113,52,,10,5177,211,192,,5699,21,,54,182,101,232,22,873,275,11,2648,824,925,1218,15,1107,2631,41,,312,25,230,32,22,28,104,56,264,,27563,,97,3679,1881,39,21,56,11,45,4140,89562,514,220,34716,20,12,10,315185,20,,31,548,51,373,60,99,629,39,11,12,328,165,9052,169,133,16118,108,51,140,5903,53,450,4645,574,10,27,95,79,17,298,547,13,,428,2736,630,30,,63,,298,28111,11,12,7962,29,163,33,16,,10,20,142,451,10,3025,1148,6988,123,1543,272,31908,,744,34,50,263,29,112,14,19,26,21,56,107,113,52,,10,5177,211,192,,5699,21,,54,182,101,232,22,873,275,11,2648,824,925,1218,15,1107,2631,41,,312,25,230,32,22,28,104,56,264,,27563,,97,3679,1881,39,21,56,11,45,4140,89562,514,220,34716,20,12,10,315185,20,
2020/5/19,173,31,555,51,382,61,99,629,40,11,12,349,171,9080,174,133,16853,110,51,140,5960,53,478,4645,592,10,28,95,79,17,297,548,13,,434,2799,645,30,,64,,300,28242,11,12,8003,29,165,35,16,,10,21,146,462,10,3156,1191,7057,127,1547,276,32007,,749,35,50,263,29,118,14,19,26,22,59,107,113,52,,10,5332,217,192,,5713,21,,55,191,104,233,25,903,279,11,2789,831,936,1231,15,1120,2722,41,,320,26,231,33,22,28,104,57,286,,27709,,105,3698,1886,41,21,56,12,46,4171,90347,535,224,34876,20,13,10,318481,20,,31,555,51,382,61,99,629,40,11,12,349,171,9080,174,133,16853,110,51,140,5960,53,478,4645,592,10,28,95,79,17,297,548,13,,434,2799,645,30,,64,,300,28242,11,12,8003,29,165,35,16,,10,21,146,462,10,3156,1191,7057,127,1547,276,32007,,749,35,50,263,29,118,14,19,26,22,59,107,113,52,,10,5332,217,192,,5713,21,,55,191,104,233,25,903,279,11,2789,831,936,1231,15,1120,2722,41,,320,26,231,33,22,28,104,57,286,,27709,,105,3698,1886,41,21,56,12,46,4171,90347,535,224,34876,20,13,10,318481,20,
2020/5/20,178,31,561,51,393,64,100,632,41,11,12,370,175,9108,189,134,17983,112,51,140,6028,56,509,4645,613,10,28,96,79,17,302,551,13,,441,2839,659,30,,64,,301,28025,12,12,8081,31,165,43,18,,10,21,147,467,10,3302,1221,7119,131,1561,278,32169,,768,35,50,263,29,121,14,21,26,23,60,109,114,53,,10,5666,221,193,,5734,21,17,55,192,106,233,27,939,281,11,2914,837,948,1247,15,1137,2837,41,,329,30,234,33,22,28,104,59,312,,27778,,111,3743,1891,41,21,56,12,47,4199,91921,548,227,35422,20,13,10,323285,28,,31,561,51,393,64,100,632,41,11,12,370,175,9108,189,134,17983,112,51,140,6028,56,509,4645,613,10,28,96,79,17,302,551,13,,441,2839,659,30,,64,,301,28025,12,12,8081,31,165,43,18,,10,21,147,467,10,3302,1221,7119,131,1561,278,32169,,768,35,50,263,29,121,14,21,26,23,60,109,114,53,,10,5666,221,193,,5734,21,17,55,192,106,233,27,939,281,11,2914,837,948,1247,15,1137,2837,41,,329,30,234,33,22,28,104,59,312,,27778,,111,3743,1891,41,21,56,12,47,4199,91921,548,227,35422,20,13,10,323285,28,
2020/5/21,187,31,568,51,403,67,100,633,43,11,12,386,179,9150,199,136,18859,116,52,146,6150,57,544,4645,630,10,29,96,79,17,304,554,13,,446,2888,680,31,,64,,304,28135,12,12,8144,31,166,45,18,,10,22,147,470,10,3434,1242,7183,134,1571,279,32330,,768,35,50,264,29,124,14,21,26,23,60,109,114,55,,10,6090,228,194,,5767,21,17,58,200,110,234,30,985,287,11,3024,842,962,1263,16,1147,2972,41,,339,30,235,34,22,28,105,61,339,,27888,,111,3831,1892,41,21,56,12,47,4222,93439,564,233,35786,20,13,10,328115,30,,31,568,51,403,67,100,633,43,11,12,386,179,9150,199,136,18859,116,52,146,6150,57,544,4645,630,10,29,96,79,17,304,554,13,,446,2888,680,31,,64,,304,28135,12,12,8144,31,166,45,18,,10,22,147,470,10,3434,1242,7183,134,1571,279,32330,,768,35,50,264,29,124,14,21,26,23,60,109,114,55,,10,6090,228,194,,5767,21,17,58,200,110,234,30,985,287,11,3024,842,962,1263,16,1147,2972,41,,339,30,235,34,22,28,105,61,339,,27888,,111,3831,1892,41,21,56,12,47,4222,93439,564,233,35786,20,13,10,328115,30,
2020/5/22,193,31,575,51,416,70,101,633,44,11,12,408,185,9186,215,140,20047,120,52,156,6267,58,589,4645,652,10,29,97,80,17,306,561,13,10,448,2939,696,33,10,64,,306,28218,12,12,8203,31,168,48,18,,10,25,156,473,10,3584,1278,7249,140,1583,279,32486,,777,35,50,264,29,129,14,22,26,23,61,109,114,60,,10,6510,233,196,,5794,21,17,60,211,111,235,31,1017,291,11,3148,846,972,1277,17,1156,3099,41,,351,33,237,35,23,28,106,61,369,,27940,,121,3871,1898,44,21,56,12,47,4249,94702,579,237,36124,20,13,10,332924,33,,31,575,51,416,70,101,633,44,11,12,408,185,9186,215,140,20047,120,52,156,6267,58,589,4645,652,10,29,97,80,17,306,561,13,10,448,2939,696,33,10,64,,306,28218,12,12,8203,31,168,48,18,,10,25,156,473,10,3584,1278,7249,140,1583,279,32486,,777,35,50,264,29,129,14,22,26,23,61,109,114,60,,10,6510,233,196,,5794,21,17,60,211,111,235,31,1017,291,11,3148,846,972,1277,17,1156,3099,41,,351,33,237,35,23,28,106,61,369,,27940,,121,3871,1898,44,21,56,12,47,4249,94702,579,237,36124,20,13,10,332924,33,
2020/5/23,205,31,582,51,433,74,101,635,46,11,12,432,190,9212,230,141,21048,125,52,159,6360,58,630,4645,682,10,29,99,81,17,312,561,13,10,456,3056,707,33,11,64,,306,28292,12,12,8228,31,169,51,19,,10,25,167,476,10,3726,1326,7300,147,1592,279,32616,,796,35,50,266,29,138,14,22,26,24,61,109,115,62,,10,6989,237,197,,5807,21,17,60,221,112,235,34,1067,295,11,3244,857,982,1289,19,1166,3249,41,,364,33,237,38,23,28,106,61,397,,28628,,137,3925,1903,44,21,56,12,47,4276,95978,588,241,36475,20,13,10,338233,33,,31,582,51,433,74,101,635,46,11,12,432,190,9212,230,141,21048,125,52,159,6360,58,630,4645,682,10,29,99,81,17,312,561,13,10,456,3056,707,33,11,64,,306,28292,12,12,8228,31,169,51,19,,10,25,167,476,10,3726,1326,7300,147,1592,279,32616,,796,35,50,266,29,138,14,22,26,24,61,109,115,62,,10,6989,237,197,,5807,21,17,60,221,112,235,34,1067,295,11,3244,857,982,1289,19,1166,3249,41,,364,33,237,38,23,28,106,61,397,,28628,,137,3925,1903,44,21,56,12,47,4276,95978,588,241,36475,20,13,10,338233,33,
2020/5/24,216,31,592,51,445,77,102,639,49,11,13,452,194,9237,240,141,22013,126,52,159,6466,60,673,4645,705,10,30,99,81,17,314,561,13,10,458,3096,735,33,11,64,,306,28335,12,12,8261,31,171,55,20,,10,26,167,482,10,3868,1351,7359,152,1604,279,32735,,808,35,50,266,29,148,14,22,26,26,63,109,115,63,,10,7179,242,198,,5830,21,17,61,221,113,235,36,1101,299,11,3373,863,993,1302,21,1176,3388,42,,379,34,238,39,23,28,106,61,407,,28678,,146,3992,1905,44,21,56,12,48,4308,97086,605,244,36757,22,13,10,342213,39,,31,592,51,445,77,102,639,49,11,13,452,194,9237,240,141,22013,126,52,159,6466,60,673,4645,705,10,30,99,81,17,314,561,13,10,458,3096,735,33,11,64,,306,28335,12,12,8261,31,171,55,20,,10,26,167,482,10,3868,1351,7359,152,1604,279,32735,,808,35,50,266,29,148,14,22,26,26,63,109,115,63,,10,7179,242,198,,5830,21,17,61,221,113,235,36,1101,299,11,3373,863,993,1302,21,1176,3388,42,,379,34,238,39,23,28,106,61,407,,28678,,146,3992,1905,44,21,56,12,48,4308,97086,605,244,36757,22,13,10,342213,39,
2020/5/25,218,32,600,51,452,81,102,640,49,11,14,480,199,9280,250,144,22666,130,52,165,6534,60,718,4645,727,10,30,99,82,17,315,562,13,10,458,3108,764,35,11,64,,307,28370,12,12,8283,32,171,58,20,,10,26,180,486,10,4024,1372,7417,160,1608,279,32785,,820,35,51,267,29,156,14,22,26,26,63,110,115,65,,10,7394,250,199,,5841,21,17,61,226,113,235,37,1133,306,11,3456,868,996,1316,23,1185,3541,42,,390,35,238,40,23,28,107,61,429,,28752,,165,3998,1906,46,21,56,12,48,4340,97719,617,245,36875,22,13,10,345058,42,,32,600,51,452,81,102,640,49,11,14,480,199,9280,250,144,22666,130,52,165,6534,60,718,4645,727,10,30,99,82,17,315,562,13,10,458,3108,764,35,11,64,,307,28370,12,12,8283,32,171,58,20,,10,26,180,486,10,4024,1372,7417,160,1608,279,32785,,820,35,51,267,29,156,14,22,26,26,63,110,115,65,,10,7394,250,199,,5841,21,17,61,226,113,235,37,1133,306,11,3456,868,996,1316,23,1185,3541,42,,390,35,238,40,23,28,107,61,429,,28752,,165,3998,1906,46,21,56,12,48,4340,97719,617,245,36875,22,13,10,345058,42,
2020/5/26,219,32,609,51,467,87,102,641,51,11,14,501,204,9312,261,146,23473,130,52,165,6655,61,761,4645,750,10,30,100,82,17,317,563,13,14,460,3203,783,35,12,65,,308,28460,14,12,8309,32,172,59,20,,11,27,182,491,10,4172,1391,7451,163,1606,281,32877,,830,35,52,269,30,165,16,22,26,26,63,110,115,67,,10,7633,261,200,,5849,21,17,62,233,113,235,37,1167,310,11,3629,873,1007,1330,26,1205,3633,42,11,399,35,239,42,23,28,107,66,481,,26834,10,170,4029,1913,46,21,57,13,48,4369,98219,623,248,36996,22,13,10,346231,44,,32,609,51,467,87,102,641,51,11,14,501,204,9312,261,146,23473,130,52,165,6655,61,761,4645,750,10,30,100,82,17,317,563,13,14,460,3203,783,35,12,65,,308,28460,14,12,8309,32,172,59,20,,11,27,182,491,10,4172,1391,7451,163,1606,281,32877,,830,35,52,269,30,165,16,22,26,26,63,110,115,67,,10,7633,261,200,,5849,21,17,62,233,113,235,37,1167,310,11,3629,873,1007,1330,26,1205,3633,42,11,399,35,239,42,23,28,107,66,481,,26834,10,170,4029,1913,46,21,57,13,48,4369,98219,623,248,36996,22,13,10,346231,44,
2020/5/27,220,33,617,51,484,91,103,643,52,11,14,522,208,9334,274,149,24512,130,52,175,6753,62,806,4645,776,10,30,101,82,17,317,563,13,14,468,3203,797,36,12,65,,312,28533,14,12,8372,34,173,63,20,,11,33,188,499,10,4344,1418,7508,169,1615,281,32955,,846,37,52,269,30,172,16,22,26,26,65,110,115,70,13,10,8134,267,202,,5875,21,35,63,249,116,235,37,1197,313,11,3788,886,1024,1342,28,1216,3807,42,12,411,36,239,44,23,28,108,67,524,,27117,10,170,4125,1915,47,21,57,13,48,4397,98912,644,253,37130,22,14,11,350452,49,,33,617,51,484,91,103,643,52,11,14,522,208,9334,274,149,24512,130,52,175,6753,62,806,4645,776,10,30,101,82,17,317,563,13,14,468,3203,797,36,12,65,,312,28533,14,12,8372,34,173,63,20,,11,33,188,499,10,4344,1418,7508,169,1615,281,32955,,846,37,52,269,30,172,16,22,26,26,65,110,115,70,13,10,8134,267,202,,5875,21,35,63,249,116,235,37,1197,313,11,3788,886,1024,1342,28,1216,3807,42,12,411,36,239,44,23,28,108,67,524,,27117,10,170,4125,1915,47,21,57,13,48,4397,98912,644,253,37130,22,14,11,350452,49,
2020/5/28,227,33,623,51,500,98,103,645,54,11,15,544,214,9364,280,151,25598,133,53,175,6876,64,841,4645,803,10,31,101,82,17,317,565,13,18,474,3275,816,39,12,66,,313,28599,14,12,8428,34,173,68,20,,11,34,194,505,10,4534,1473,7564,175,1631,281,33072,,858,37,55,269,30,175,16,23,26,27,66,110,115,70,16,10,8597,274,202,,5890,22,35,63,254,119,235,39,1225,315,11,3983,904,1028,1356,30,1227,3968,42,12,425,38,240,45,23,28,108,67,552,10,27117,10,195,4220,1917,47,21,57,13,48,4431,100417,658,255,37542,22,14,11,355628,53,,33,623,51,500,98,103,645,54,11,15,544,214,9364,280,151,25598,133,53,175,6876,64,841,4645,803,10,31,101,82,17,317,565,13,18,474,3275,816,39,12,66,,313,28599,14,12,8428,34,173,68,20,,11,34,194,505,10,4534,1473,7564,175,1631,281,33072,,858,37,55,269,30,175,16,23,26,27,66,110,115,70,16,10,8597,274,202,,5890,22,35,63,254,119,235,39,1225,315,11,3983,904,1028,1356,30,1227,3968,42,12,425,38,240,45,23,28,108,67,552,10,27117,10,195,4220,1917,47,21,57,13,48,4431,100417,658,255,37542,22,14,11,355628,53,
2020/5/29,235,33,630,51,508,113,103,668,56,11,15,559,219,9388,293,153,26754,134,53,175,6982,65,890,4645,833,10,32,102,82,17,319,568,13,20,485,3313,845,39,12,66,,313,28665,14,12,8470,34,175,80,22,,11,34,196,509,10,4711,1496,7627,179,1639,284,33142,,881,37,58,269,30,185,16,24,26,27,68,110,115,72,19,10,9044,282,202,,5922,22,35,64,259,121,236,40,1260,320,11,4099,921,1038,1369,33,1235,4142,42,12,441,39,241,45,23,28,108,72,577,10,27119,10,195,4266,1919,47,21,57,13,48,4461,101616,669,258,37919,22,14,11,360308,57,,33,630,51,508,113,103,668,56,11,15,559,219,9388,293,153,26754,134,53,175,6982,65,890,4645,833,10,32,102,82,17,319,568,13,20,485,3313,845,39,12,66,,313,28665,14,12,8470,34,175,80,22,,11,34,196,509,10,4711,1496,7627,179,1639,284,33142,,881,37,58,269,30,185,16,24,26,27,68,110,115,72,19,10,9044,282,202,,5922,22,35,64,259,121,236,40,1260,320,11,4099,921,1038,1369,33,1235,4142,42,12,441,39,241,45,23,28,108,72,577,10,27119,10,195,4266,1919,47,21,57,13,48,4461,101616,669,258,37919,22,14,11,360308,57,
2020/5/30,246,33,638,51,520,120,103,668,58,11,15,582,224,9430,300,153,27878,136,53,177,7063,65,944,4645,855,10,32,103,82,17,319,568,13,20,488,3334,879,42,12,67,,314,28717,15,12,8504,34,175,90,22,,11,35,196,517,10,4980,1520,7677,185,1645,284,33229,,887,37,62,269,30,194,16,24,26,27,68,110,115,73,20,10,9415,288,202,,5950,22,35,64,261,126,236,40,1317,326,11,4230,942,1051,1383,36,1248,4374,42,12,458,41,242,45,23,28,108,72,611,10,27121,10,233,4350,1919,47,21,57,13,48,4489,102809,679,260,38243,22,14,14,364998,65,,33,638,51,520,120,103,668,58,11,15,582,224,9430,300,153,27878,136,53,177,7063,65,944,4645,855,10,32,103,82,17,319,568,13,20,488,3334,879,42,12,67,,314,28717,15,12,8504,34,175,90,22,,11,35,196,517,10,4980,1520,7677,185,1645,284,33229,,887,37,62,269,30,194,16,24,26,27,68,110,115,73,20,10,9415,288,202,,5950,22,35,64,261,126,236,40,1317,326,11,4230,942,1051,1383,36,1248,4374,42,12,458,41,242,45,23,28,108,72,611,10,27121,10,233,4350,1919,47,21,57,13,48,4489,102809,679,260,38243,22,14,14,364998,65,
2020/5/31,249,33,646,51,528,127,103,668,61,11,17,610,229,9453,310,153,28834,139,53,191,7159,65,997,4645,891,10,33,103,83,17,319,571,13,22,498,3334,913,46,12,67,,316,28774,17,12,8530,35,175,102,23,,12,41,201,524,10,5185,1573,7734,195,1651,284,33340,,894,38,63,270,30,205,16,24,26,27,70,110,115,76,20,10,9779,291,204,,5970,22,35,64,273,131,236,42,1395,330,11,4371,950,1061,1396,36,1259,4555,42,12,480,42,242,46,23,28,108,73,643,10,27125,10,262,4395,1919,47,21,57,13,48,4515,103776,696,262,38458,22,14,14,369126,77,,33,646,51,528,127,103,668,61,11,17,610,229,9453,310,153,28834,139,53,191,7159,65,997,4645,891,10,33,103,83,17,319,571,13,22,498,3334,913,46,12,67,,316,28774,17,12,8530,35,175,102,23,,12,41,201,524,10,5185,1573,7734,195,1651,284,33340,,894,38,63,270,30,205,16,24,26,27,70,110,115,76,20,10,9779,291,204,,5970,22,35,64,273,131,236,42,1395,330,11,4371,950,1061,1396,36,1259,4555,42,12,480,42,242,46,23,28,108,73,643,10,27125,10,262,4395,1919,47,21,57,13,48,4515,103776,696,262,38458,22,14,14,369126,77,
2020/6/1,257,33,653,51,539,131,103,668,63,11,19,650,235,9467,313,153,29314,140,53,191,7374,65,1054,4645,916,10,33,103,83,17,320,574,13,24,502,3358,959,46,12,68,11,320,28805,17,12,8540,36,175,108,23,,12,44,212,526,10,5408,1613,7797,205,1652,285,33415,,898,40,64,271,30,212,16,24,27,27,70,110,115,77,23,10,9930,295,205,,5975,22,35,64,287,133,236,49,1483,336,11,4506,957,1064,1410,38,1266,4693,42,12,503,42,243,46,23,28,108,78,683,10,27127,10,286,4395,1920,47,21,57,13,48,4540,104381,708,264,38571,22,15,14,372035,80,,33,653,51,539,131,103,668,63,11,19,650,235,9467,313,153,29314,140,53,191,7374,65,1054,4645,916,10,33,103,83,17,320,574,13,24,502,3358,959,46,12,68,11,320,28805,17,12,8540,36,175,108,23,,12,44,212,526,10,5408,1613,7797,205,1652,285,33415,,898,40,64,271,30,212,16,24,27,27,70,110,115,77,23,10,9930,295,205,,5975,22,35,64,287,133,236,49,1483,336,11,4506,957,1064,1410,38,1266,4693,42,12,503,42,243,46,23,28,108,78,683,10,27127,10,286,4395,1920,47,21,57,13,48,4540,104381,708,264,38571,22,15,14,372035,80,
2020/6/2,265,33,661,51,556,139,102,668,68,11,19,672,240,9486,343,154,29937,140,53,199,7404,66,1113,4645,963,10,33,103,83,17,321,576,13,24,502,3358,1005,46,12,68,12,318,28836,17,12,8555,36,179,116,23,,12,45,217,527,10,5608,1641,7878,215,1650,285,33475,,899,41,69,272,30,220,16,24,27,27,70,110,115,78,23,10,10167,305,205,,5981,22,35,65,299,140,236,50,1543,344,11,4634,960,1074,1424,40,1276,4849,42,12,525,42,244,46,24,28,109,79,705,10,27127,11,298,4403,1920,47,21,57,13,48,4563,105149,724,266,39127,23,15,17,375543,84,,33,661,51,556,139,102,668,68,11,19,672,240,9486,343,154,29937,140,53,199,7404,66,1113,4645,963,10,33,103,83,17,321,576,13,24,502,3358,1005,46,12,68,12,318,28836,17,12,8555,36,179,116,23,,12,45,217,527,10,5608,1641,7878,215,1650,285,33475,,899,41,69,272,30,220,16,24,27,27,70,110,115,78,23,10,10167,305,205,,5981,22,35,65,299,140,236,50,1543,344,11,4634,960,1074,1424,40,1276,4849,42,12,525,42,244,46,24,28,109,79,705,10,27127,11,298,4403,1920,47,21,57,13,48,4563,105149,724,266,39127,23,15,17,375543,84,
2020/6/3,270,33,667,51,569,158,102,669,71,11,19,709,243,9505,376,157,31199,144,53,200,7478,66,1188,4645,1014,10,33,103,83,17,323,580,13,25,515,3438,1052,49,12,68,14,320,28943,20,13,8563,38,179,123,23,,12,45,225,532,10,5829,1663,7942,235,1658,290,33530,,902,44,71,273,30,226,17,24,27,28,71,110,115,78,31,10,10637,307,206,,5986,22,46,65,314,141,237,59,1621,352,11,4634,966,1092,1436,43,1288,5031,42,12,549,43,245,46,24,28,109,79,755,10,27127,11,307,4468,1920,47,21,58,13,48,4585,106180,733,269,39452,23,15,18,380251,87,,33,667,51,569,158,102,669,71,11,19,709,243,9505,376,157,31199,144,53,200,7478,66,1188,4645,1014,10,33,103,83,17,323,580,13,25,515,3438,1052,49,12,68,14,320,28943,20,13,8563,38,179,123,23,,12,45,225,532,10,5829,1663,7942,235,1658,290,33530,,902,44,71,273,30,226,17,24,27,28,71,110,115,78,31,10,10637,307,206,,5986,22,46,65,314,141,237,59,1621,352,11,4634,966,1092,1436,43,1288,5031,42,12,549,43,245,46,24,28,109,79,755,10,27127,11,307,4468,1920,47,21,58,13,48,4585,106180,733,269,39452,23,15,18,380251,87,
2020/6/4,294,33,673,51,583,170,102,670,76,11,20,746,248,9522,400,157,32548,146,53,200,7579,66,1275,4645,1057,10,35,103,83,17,325,580,13,26,516,3486,1088,51,12,69,17,321,29024,20,13,8602,38,179,143,23,,12,48,234,534,10,6088,1698,8012,256,1659,291,33601,10,905,48,74,273,30,230,20,24,27,28,71,110,115,79,34,10,11729,310,206,,5996,22,46,65,315,145,237,67,1688,357,11,4894,974,1115,1447,45,1296,5208,42,12,579,45,245,47,24,28,109,79,792,10,27128,11,314,4542,1921,48,21,58,13,49,4609,107161,742,270,39811,23,16,20,385933,95,,33,673,51,583,170,102,670,76,11,20,746,248,9522,400,157,32548,146,53,200,7579,66,1275,4645,1057,10,35,103,83,17,325,580,13,26,516,3486,1088,51,12,69,17,321,29024,20,13,8602,38,179,143,23,,12,48,234,534,10,6088,1698,8012,256,1659,291,33601,10,905,48,74,273,30,230,20,24,27,28,71,110,115,79,34,10,11729,310,206,,5996,22,46,65,315,145,237,67,1688,357,11,4894,974,1115,1447,45,1296,5208,42,12,579,45,245,47,24,28,109,79,792,10,27128,11,314,4542,1921,48,21,58,13,49,4609,107161,742,270,39811,23,16,20,385933,95,
2020/6/5,300,33,681,51,608,176,102,670,78,11,21,781,253,9548,415,159,34021,147,53,203,7717,66,1356,4645,1099,10,35,103,83,17,326,582,13,26,520,3486,1126,52,12,69,18,322,29068,21,13,8635,38,180,158,23,,12,50,243,539,10,6363,1721,8071,271,1664,291,33689,10,911,52,78,273,30,236,20,25,28,28,71,110,115,85,39,10,12545,315,208,10,6009,22,46,65,323,147,238,67,1770,363,11,5031,984,1117,1455,45,1305,5376,42,12,611,45,246,47,24,28,109,79,848,10,27133,11,333,4562,1921,48,21,58,13,49,4630,108197,755,273,39987,23,16,20,391122,103,,33,681,51,608,176,102,670,78,11,21,781,253,9548,415,159,34021,147,53,203,7717,66,1356,4645,1099,10,35,103,83,17,326,582,13,26,520,3486,1126,52,12,69,18,322,29068,21,13,8635,38,180,158,23,,12,50,243,539,10,6363,1721,8071,271,1664,291,33689,10,911,52,78,273,30,236,20,25,28,28,71,110,115,85,39,10,12545,315,208,10,6009,22,46,65,323,147,238,67,1770,363,11,5031,984,1117,1455,45,1305,5376,42,12,611,45,246,47,24,28,109,79,848,10,27133,11,333,4562,1921,48,21,58,13,49,4630,108197,755,273,39987,23,16,20,391122,103,
2020/6/6,309,33,690,51,632,183,102,672,82,11,22,811,259,9566,427,159,35026,159,53,205,7778,68,1448,4645,1204,10,36,103,83,17,327,586,13,26,525,3534,1166,53,12,69,19,322,29114,21,13,8658,42,180,216,23,12,12,50,248,542,10,6649,1770,8134,285,1670,291,33774,10,916,52,79,273,30,244,22,25,28,30,71,110,116,87,43,10,13170,323,208,11,6024,22,46,65,333,149,238,72,1838,370,11,5162,987,1137,1465,49,1316,5520,42,12,642,45,247,47,24,28,109,79,908,10,27134,11,347,4639,1921,48,21,58,13,49,4648,109118,770,274,40344,23,16,20,395866,111,,33,690,51,632,183,102,672,82,11,22,811,259,9566,427,159,35026,159,53,205,7778,68,1448,4645,1204,10,36,103,83,17,327,586,13,26,525,3534,1166,53,12,69,19,322,29114,21,13,8658,42,180,216,23,12,12,50,248,542,10,6649,1770,8134,285,1670,291,33774,10,916,52,79,273,30,244,22,25,28,30,71,110,116,87,43,10,13170,323,208,11,6024,22,46,65,333,149,238,72,1838,370,11,5162,987,1137,1465,49,1316,5520,42,12,642,45,247,47,24,28,109,79,908,10,27134,11,347,4639,1921,48,21,58,13,49,4648,109118,770,274,40344,23,16,20,395866,111,
2020/6/7,327,34,698,51,648,190,102,672,84,11,24,846,263,9580,454,159,35930,160,53,212,7850,69,1541,4645,1204,10,36,104,83,18,327,587,13,26,536,3608,1198,53,12,69,20,322,29145,21,13,8673,44,180,230,23,12,12,50,250,545,10,6946,1801,8209,318,1678,295,33846,10,915,53,83,273,30,254,22,25,29,30,71,110,117,90,49,10,13511,331,208,13,6030,22,46,65,342,151,238,72,1935,386,11,5301,994,1153,1474,51,1322,5717,42,12,676,47,248,48,25,28,109,82,952,10,27135,11,359,4656,1921,48,21,58,13,49,4669,109787,785,275,40548,23,17,22,399703,111,,34,698,51,648,190,102,672,84,11,24,846,263,9580,454,159,35930,160,53,212,7850,69,1541,4645,1204,10,36,104,83,18,327,587,13,26,536,3608,1198,53,12,69,20,322,29145,21,13,8673,44,180,230,23,12,12,50,250,545,10,6946,1801,8209,318,1678,295,33846,10,915,53,83,273,30,254,22,25,29,30,71,110,117,90,49,10,13511,331,208,13,6030,22,46,65,342,151,238,72,1935,386,11,5301,994,1153,1474,51,1322,5717,42,12,676,47,248,48,25,28,109,82,952,10,27135,11,359,4656,1921,48,21,58,13,49,4669,109787,785,275,40548,23,17,22,399703,111,
2020/6/8,357,34,707,51,664,200,102,672,88,11,26,888,269,9595,465,159,36455,160,53,212,7877,69,1637,4645,1265,10,36,104,83,18,327,589,13,28,538,3621,1237,53,12,69,27,323,29158,21,13,8685,44,180,252,23,12,12,51,258,546,10,7207,1851,8281,346,1679,298,33899,10,917,56,84,273,30,264,22,25,30,30,71,110,117,90,55,10,13699,341,208,13,6032,22,46,65,354,153,238,75,2002,393,11,5465,1003,1157,1479,54,1333,5851,42,12,712,49,249,48,25,28,109,83,998,14,27136,11,359,4659,1921,48,21,58,13,49,4692,110508,796,276,40625,23,17,22,402724,112,,34,707,51,664,200,102,672,88,11,26,888,269,9595,465,159,36455,160,53,212,7877,69,1637,4645,1265,10,36,104,83,18,327,589,13,28,538,3621,1237,53,12,69,27,323,29158,21,13,8685,44,180,252,23,12,12,51,258,546,10,7207,1851,8281,346,1679,298,33899,10,917,56,84,273,30,264,22,25,30,30,71,110,117,90,55,10,13699,341,208,13,6032,22,46,65,354,153,238,75,2002,393,11,5465,1003,1157,1479,54,1333,5851,42,12,712,49,249,48,25,28,109,83,998,14,27136,11,359,4659,1921,48,21,58,13,49,4692,110508,796,276,40625,23,17,22,402724,112,
2020/6/9,369,34,715,51,693,211,102,672,93,11,27,930,276,9606,475,160,37134,164,53,212,7910,70,2264,4645,1373,11,38,104,83,18,328,593,13,31,539,3642,1271,56,12,69,27,323,29212,21,13,8695,48,182,267,23,12,12,54,262,548,10,7473,1883,8351,370,1683,298,33964,10,920,56,85,274,31,269,23,26,30,30,71,110,117,92,59,10,14053,353,208,14,6035,22,46,65,361,156,239,81,2172,398,11,5571,1011,1166,1485,57,1339,5963,42,12,746,49,250,49,25,28,109,84,1080,19,27136,11,372,4694,1923,48,21,58,13,49,4711,110990,805,281,40680,23,18,22,406522,112,10,34,715,51,693,211,102,672,93,11,27,930,276,9606,475,160,37134,164,53,212,7910,70,2264,4645,1373,11,38,104,83,18,328,593,13,31,539,3642,1271,56,12,69,27,323,29212,21,13,8695,48,182,267,23,12,12,54,262,548,10,7473,1883,8351,370,1683,298,33964,10,920,56,85,274,31,269,23,26,30,30,71,110,117,92,59,10,14053,353,208,14,6035,22,46,65,361,156,239,81,2172,398,11,5571,1011,1166,1485,57,1339,5963,42,12,746,49,250,49,25,28,109,84,1080,19,27136,11,372,4694,1923,48,21,58,13,49,4711,110990,805,281,40680,23,18,22,406522,112,10
